Country,Forest_Area_Mean,Forest_Area_First,Forest_Area_Last,Forest_Cover_Mean,Forest_Cover_First,Forest_Cover_Last,Deforestation_Mean,Afforestation_Mean,Net_Forest_Change_Mean,Carbon_Stock_Mean,Carbon_Stock_First,Carbon_Stock_Last,Land_Area_Mean,Forest_Area_Change,Forest_Cover_Change,Carbon_Stock_Change,Forest_Area_to_Land_Ratio,Carbon_per_Forest_Area,Deforestation_Intensity,Afforestation_Intensity,Forest_Area_Change_Ratio,Forest_Cover_Change_Ratio,Carbon_Stock_Change_Ratio,Reforestation_Effectiveness,Forest_Pressure_Index,Forest_Stability_Index,Cluster
Afghanistan,214828.84615384616,210339,211690,31.798846153846153,32.25,32.46,44.26923076923077,50.26923076923077,6.0,1195714213.4230769,1170722760.0,1178245009.0,652230.0,1351,0.21000000000000085,7522249.0,0.32937590444144826,5565.8922664732845,0.000206067441881282,0.00023399665207544357,0.0064229648329600965,0.006511627906774861,0.006425303459548356,1.135534317958711,-6.0,0.21000000000000085,1
Albania,12999.423076923076,12227,13898,45.22038461538462,42.53,48.35,20.23076923076923,68.38461538461539,48.15384615384615,94649052.1923077,89025007.0,101192438.0,28748.0,1671,5.82,12167431.0,0.45218530252270156,7281.019444649351,0.001556282083524297,0.0052605884876543735,0.13666475832173577,0.1368445802930439,0.13667430545666792,3.380228136715046,-48.15384615384616,5.82,1
Algeria,555104.4615384615,585743,537783,20.914615384615384,24.59,22.58,65.96153846153847,49.19230769230769,-16.76923076923077,8649186269.807692,9126570443.0,8379298782.0,2381741.0,-47960,-2.0100000000000016,-747271661.0,0.23306667750123178,15581.18672985733,0.00011882725330422888,8.86181090239701e-05,-0.08187891276549598,-0.08174054493364218,-0.08187869317035194,0.7457725947408803,16.769230769230774,2.0100000000000016,1
Andorra,200.53846153846155,189,216,39.89923076923076,40.57,46.28,18.076923076923077,66.26923076923077,48.19230769230769,1444799.6538461538,1364348.0,1556276.0,468.0,27,5.710000000000001,191928.0,0.4285009861923783,7204.601265786858,0.09014192558451406,0.33045646336620793,0.142857142856387,0.14074439240471426,0.14067378703967012,3.6659574466057134,-48.19230769230769,5.710000000000001,1
Angola,696737.4615384615,706270,689003,50.05538461538462,56.65,55.27,51.38461538461539,50.73076923076923,-0.6538461538461539,10759424293.5,10906630812.0,10639991751.0,1246700.0,-17267,-1.3799999999999955,-266639061.0,0.5588653738176473,15442.580437317334,7.375032665984871e-05,7.281188687450632e-05,-0.024448157220326467,-0.024360105913073884,-0.02444742703737903,0.987275449082583,0.6538461538461533,1.3799999999999955,1
Antigua and Barbuda,155.3846153846154,160,149,31.639615384615386,3.63,3.39,68.92307692307692,48.69230769230769,-20.23076923076923,2055142.1538461538,2115343.0,1975889.0,442.0,-11,-0.23999999999999977,-139454.0,0.35154890358430735,13226.162376152504,0.44356435643278896,0.3133663366316467,-0.06874999999957032,-0.06611570246112508,-0.06592500601557286,0.7064732142754642,20.230769230769226,0.23999999999999977,1
Argentina,1202104.9615384615,1296997,1130809,43.23538461538461,46.65,40.67,96.07692307692308,48.03846153846154,-48.03846153846154,18484544425.884617,19943688192.0,17388245213.0,2780400.0,-166188,-5.979999999999997,-2555442979.0,0.43234964808605275,15376.814019823998,7.992390527526245e-05,3.996195263763123e-05,-0.12813291009925226,-0.12818863879682335,-0.12813291876600152,0.49999999999479583,48.03846153846154,5.979999999999997,1
Armenia,12270.807692307691,13188,11416,35.67884615384615,44.34,38.39,79.15384615384616,37.11538461538461,-42.03846153846154,103574325.42307693,111312362.0,96363831.0,29743.0,-1772,-5.950000000000003,-14948531.0,0.41256119733407115,8440.709692483977,0.006450581586692095,0.0030246896166947865,-0.13436457385500952,-0.13419034731316673,-0.13429353875358427,0.4689018464469428,42.03846153846155,5.950000000000003,1
Australia,4455320.423076923,4642073,4370619,53.82076923076923,60.35,56.82,70.03846153846153,43.84615384615385,-26.192307692307693,56010833660.96154,58358623874.0,54945993171.0,7692024.0,-271454,-3.530000000000001,-3412630703.0,0.5792130163760438,12571.67349195492,1.5720185056878965e-05,9.84130201254367e-06,-0.058476891681798183,-0.05849212924509543,-0.0584768878438273,0.6260296540273055,26.192307692307686,3.530000000000001,1
Austria,31112.5,29105,32803,34.652307692307694,3.47,39.11,13.615384615384615,59.15384615384615,45.53846153846154,286492426.6923077,268010274.0,302054388.0,83871.0,3698,35.64,34044114.0,0.37095658809361554,9208.27406001763,0.0004376178261272536,0.0019012887474116273,0.127057206665517,10.270893368798014,0.12702540649617036,4.3446327680424845,-45.53846153846154,35.64,2
Azerbaijan,38962.42307692308,40902,37184,41.83076923076923,47.23,42.94,81.34615384615384,41.65384615384615,-39.69230769230769,747856656.9230769,785092408.0,713714008.0,86600.0,-3718,-4.289999999999999,-71378400.0,0.4499125066619241,19194.305637679994,0.002087810444580178,0.0010690774049552402,-0.09090020047919195,-0.0908320982407192,-0.09091719557170906,0.5120567375823577,39.692307692307686,4.289999999999999,1
Bahamas,3853.769230769231,3965,3782,24.751923076923074,28.44,27.13,71.96153846153847,56.30769230769231,-15.653846153846153,72732231.92307693,74832740.0,71375862.0,13943.0,-183,-1.3100000000000023,-3456878.0,0.276394551442943,18873.011736756314,0.018673027405731797,0.014611070081235354,-0.04615384615383451,-0.04606188466786007,-0.04619472706732374,0.7824692677603717,15.65384615384616,1.3100000000000023,1
Bahrain,358.53846153846155,368,344,39.66692307692308,47.33,44.32,62.69230769230769,37.23076923076923,-25.46153846153846,2983842.730769231,3060292.0,2865547.0,778.0,-24,-3.009999999999998,-194745.0,0.46084635159126053,8322.238897209143,0.17485518129108066,0.10384037760108349,-0.0652173913041706,-0.06359602788794427,-0.06363608439978928,0.593865030665374,25.46153846153846,3.009999999999998,1
Bangladesh,31655.30769230769,32851,30429,19.208076923076923,22.26,20.62,75.11538461538461,41.26923076923077,-33.84615384615385,556427586.0,577441444.0,534869160.0,147570.0,-2422,-1.6400000000000006,-42572284.0,0.2145104539696922,17577.70265285387,0.0023729159528477887,0.0013037065117284573,-0.07372682718942883,-0.07367475291672622,-0.07372571616110048,0.5494111623070739,33.84615384615385,1.6400000000000006,1
Barbados,199.76923076923077,207,192,43.26461538461539,4.83,44.79,77.38461538461539,48.5,-28.884615384615383,1535393.9615384615,1592799.0,1477042.0,430.0,-15,39.96,-115757.0,0.46457960643899116,7685.838082364299,0.3873700423546262,0.24278013091907735,-0.07246376811559196,8.273291923752941,-0.07267520886188397,0.6267395626161554,28.884615384615387,39.96,0
Belarus,52682.730769230766,48852,56109,23.694615384615382,23.53,27.03,15.076923076923077,63.69230769230769,48.61538461538461,504382581.46153843,467712073.0,537185141.0,207600.0,7257,3.5,69473068.0,0.25377037942789266,9573.964259197293,0.0002861834012167121,0.0012089788582012124,0.14855072463767813,0.14874628133664486,0.14853811139487091,4.2244897956381715,-48.61538461538461,3.5,1
Belgium,13505.0,12725,14560,41.00038461538462,41.69,4.77,17.423076923076923,69.07692307692308,51.65384615384615,258259043.0,243346879.0,278437423.0,30528.0,1835,-36.92,35090544.0,0.44238076519914693,19123.216808587993,0.0012901204682025645,0.005114914703955421,0.1442043222003816,-0.8855840728979233,0.14419968788668952,3.964679911472226,-51.65384615384616,36.92,1
Belize,9423.384615384615,9662,9058,38.161153846153844,42.07,39.44,73.8076923076923,58.19230769230769,-15.615384615384615,133715918.38461539,137099071.0,128532421.0,22966.0,-604,-2.6300000000000026,-8566650.0,0.4103189330046244,14189.797386206292,0.007832397309474777,0.006175308561352443,-0.06251293728005977,-0.06251485619057494,-0.06248510611716691,0.7884314747157377,15.615384615384613,2.6300000000000026,1
Benin,54215.38461538462,56092,52887,43.949615384615385,48.88,46.08,78.57692307692308,50.53846153846154,-28.03846153846154,822628946.0384616,851097214.0,802466698.0,114763.0,-3205,-2.8000000000000043,-48630516.0,0.4724117059974394,15173.348891174523,0.0014493473325765908,0.0009321793416571906,-0.05713827283748026,-0.057283142388353546,-0.0571386149549774,0.6431718061592155,28.03846153846154,2.8000000000000043,1
Bhutan,17277.884615384617,18226,16659,35.52576923076923,47.47,43.39,77.88461538461539,47.0,-30.884615384615383,278879099.61538464,294177395.0,268889144.0,38394.0,-1567,-4.079999999999998,-25288251.0,0.45001522673814054,16140.81271077874,0.004507763370248501,0.0027202404140462557,-0.08597607813013904,-0.08594902043214767,-0.08596259070143714,0.6034567901157086,30.884615384615387,4.079999999999998,1
Bolivia,703090.6153846154,750207,670107,59.71884615384616,68.29,6.1,86.34615384615384,44.80769230769231,-41.53846153846154,8205803894.192307,8755704386.0,7820854975.0,1098581.0,-80100,-62.190000000000005,-934849411.0,0.6399988852752913,11671.047393661243,0.00012280942449917258,6.37296122679448e-05,-0.10677053133335185,-0.9106750622212523,-0.1067703259254372,0.5189309576777318,41.53846153846153,62.190000000000005,1
Bosnia and Herzegovina,11287.0,10563,12094,22.046538461538464,20.63,23.62,21.307692307692307,64.8076923076923,43.5,120638541.84615384,112903465.0,129260847.0,51197.0,1531,2.990000000000002,16357382.0,0.2204621364533035,10688.273398258452,0.0018878083022672472,0.005741799619711754,0.14493988450249504,0.14493456131144292,0.1448793622055798,3.041516245344622,-43.5,2.990000000000002,1
Botswana,294661.3076923077,314585,281577,48.97807692307693,54.08,4.84,77.8076923076923,34.76923076923077,-43.03846153846154,1649685211.8461537,1761229748.0,1576431873.0,581730.0,-33008,-49.239999999999995,-184797875.0,0.5065258929267996,5598.581044677873,0.0002640580567467673,0.00011799727300992469,-0.10492553681834765,-0.9105029585630454,-0.10492547903523147,0.44686109737438534,43.03846153846154,49.239999999999995,1
Brazil,5181092.576923077,5468301,5067433,60.840769230769226,64.21,59.51,75.76923076923077,43.26923076923077,-32.5,82617590836.34616,87197411954.0,80805169749.0,8515767.0,-400868,-4.699999999999996,-6392242205.0,0.6084117351875733,15945.978499656669,1.4624180063238367e-05,8.351371863524447e-06,-0.07330759590593128,-0.07319732128837873,-0.07330770560452132,0.5710659898401788,32.50000000000001,4.699999999999996,1
Brunei,2229.153846153846,2295,2143,38.67769230769231,39.82,37.18,72.11538461538461,43.5,-28.615384615384617,12503978.884615384,12874291.0,12020796.0,5765.0,-152,-2.6400000000000006,-853495.0,0.38667022483147606,5609.293816209223,0.03235101280235962,0.019514130922383324,-0.06623093681914326,-0.06629834253977153,-0.06629452449070787,0.6031999999916356,28.615384615384613,2.6400000000000006,1
Bulgaria,48450.61538461538,45350,51297,37.74576923076923,4.09,46.26,25.73076923076923,68.88461538461539,43.15384615384615,335960677.34615386,314463248.0,355696049.0,110879.0,5947,42.17,41232801.0,0.43696836537680667,6934.084834200582,0.0005310720829139157,0.001421749029146223,0.1311356119073841,10.310513444911855,0.1311212081610249,2.6771300447390054,-43.15384615384616,42.17,2
Burkina Faso,157811.73076923078,163246,156629,55.58384615384615,59.54,57.12,63.38461538461539,48.57692307692308,-14.807692307692308,2872479210.5,2971395042.0,2850945341.0,274200.0,-6617,-2.4200000000000017,-120449701.0,0.5755351231554712,18201.937184887913,0.00040164704534736246,0.0003078156664282274,-0.040533918135819316,-0.04064494457439296,-0.04053641447787002,0.7663834951335401,14.807692307692307,2.4200000000000017,1
Burundi,7094.307692307692,7473,6880,21.96,26.85,24.72,63.96153846153846,35.46153846153846,-28.5,82063258.46153846,86441890.0,79587260.0,27834.0,-593,-2.1300000000000026,-6854630.0,0.2548792014193949,11567.479452647296,0.009015895734390331,0.004998590419186943,-0.07935233507291858,-0.07932960893559303,-0.07929754890828972,0.5544197233827932,28.5,2.1300000000000026,1
Cambodia,59131.192307692305,62661,56661,30.412692307692307,34.61,3.13,77.84615384615384,48.34615384615385,-29.5,1146925873.1153846,1215398614.0,1099015205.0,181035.0,-6000,-31.48,-116383409.0,0.3266285099991271,19396.292013651197,0.0013164989713225453,0.0008176083038302568,-0.09575333939770997,-0.9095637098841503,-0.09575739815678283,0.6210474308220617,29.499999999999993,31.48,1
Cameroon,234379.61538461538,241821,228262,44.205,50.86,48.01,63.0,50.69230769230769,-12.307692307692308,4083787352.769231,4213451048.0,3977188828.0,475442.0,-13559,-2.8500000000000014,-236262220.0,0.4929720457692313,17423.816256664413,0.00026879470681192625,0.00021628292037736193,-0.0560703991795582,-0.0560361777417217,-0.056073327376651654,0.8046398046270327,12.307692307692307,2.8500000000000014,1
Canada,4480448.5,4679030,4274292,43.27346153846153,46.86,42.81,62.88461538461539,35.30769230769231,-27.576923076923077,27468616908.423077,28686077940.0,26204718152.0,9984670.0,-404738,-4.049999999999997,-2481359788.0,0.4487327573169668,6130.77394114073,1.4035339405109863e-05,7.880392399933243e-06,-0.08650040713566699,-0.08642765684834763,-0.08650048965181052,0.5614678898993284,27.57692307692308,4.049999999999997,1
Cape Verde,777.5,790,755,15.230384615384615,19.61,18.74,57.26923076923077,54.11538461538461,-3.1538461538461537,5873077.461538462,5971032.0,5706209.0,4033.0,-35,-0.870000000000001,-264823.0,0.19278452764686516,7553.797378174801,0.07365817462271011,0.06960178085571063,-0.04430379746829835,-0.04436511983455563,-0.04435129471756306,0.9449294828579127,3.1538461538461533,0.870000000000001,1
Central African Republic,292538.8461538461,305599,286028,43.66115384615385,49.05,45.91,73.46153846153847,43.53846153846154,-29.923076923076923,5456655281.653846,5700253984.0,5335201484.0,622984.0,-19571,-3.1400000000000006,-365052500.0,0.46957682083945274,18652.754509000057,0.0002511172086284391,0.00014882967548031047,-0.06404143992617756,-0.06401630988656441,-0.06404144464872322,0.592670157059995,29.923076923076927,3.1400000000000006,1
Chad,617619.1923076923,645009,587360,46.48846153846154,50.23,45.74,74.8076923076923,44.76923076923077,-30.03846153846154,9434056695.923077,9852436005.0,8971843923.0,1284000.0,-57649,-4.489999999999995,-880592082.0,0.4810118320153363,15274.87619138477,0.00012112268083538386,7.248678688554592e-05,-0.08937704745205091,-0.08938881146547097,-0.08937810725724171,0.5984575835395578,30.03846153846154,4.489999999999995,1
Chile,397388.57692307694,423911,392422,47.19576923076923,56.07,5.19,71.88461538461539,52.15384615384615,-19.73076923076923,7154360134.923077,7631859023.0,7064943341.0,756102.0,-31489,-50.88,-566915682.0,0.5255753548106954,18003.436813202454,0.0001808925056205881,0.00013124143264928704,-0.07428210166756684,-0.9074371321400494,-0.0742827770129789,0.7255216693318012,19.730769230769234,50.88,1
China,2689410.5,2794201,2502552,23.14346153846154,29.12,26.08,88.76923076923077,44.92307692307692,-43.84615384615385,37902226201.84615,39379048269.0,35268800495.0,9596961.0,-291649,-3.0400000000000027,-4110247774.0,0.28023563917786054,14093.135355069871,3.300694734746917e-05,1.670368912558232e-05,-0.10437652838861625,-0.10439560439201948,-0.10437651377257058,0.5060658578799142,43.846153846153854,3.0400000000000027,1
Colombia,496488.8846153846,528248,476798,43.485,46.27,41.76,88.03846153846153,47.03846153846154,-41.0,9237430382.153847,9828329221.0,8871065065.0,1141748.0,-51450,-4.510000000000005,-957264156.0,0.43484979576525135,18605.51296996265,0.00017732211992351485,9.474222484336334e-05,-0.09739743453832271,-0.09747136373249479,-0.09739846259470351,0.5342944517195756,40.99999999999999,4.510000000000005,1
Comoros,941.2692307692307,993,907,47.01307692307692,53.33,48.75,66.65384615384616,42.23076923076923,-24.423076923076923,13619432.346153846,14362652.0,13128220.0,1862.0,-86,-4.579999999999998,-1234432.0,0.5055151615299276,14469.220814760096,0.07081273239889507,0.044865770440846386,-0.08660624370585437,-0.0858803675213598,-0.08594735846833856,0.6335833814099981,24.423076923076927,4.579999999999998,1
Congo (DRC),858528.6538461539,897996,820760,29.049999999999997,3.83,3.5,82.34615384615384,46.61538461538461,-35.73076923076923,14498661408.346153,15165174350.0,13860831089.0,2344858.0,-77236,-0.33000000000000007,-1304343261.0,0.3661324710691025,16887.801406968832,9.591544030271815e-05,5.429683028813377e-05,-0.08600929180085425,-0.0861618798730648,-0.08600911739600277,0.5660906118567406,35.730769230769226,0.33000000000000007,1
Congo (Republic),131548.1923076923,133062,128383,37.143076923076926,38.91,37.54,57.69230769230769,46.38461538461539,-11.307692307692308,1788127015.6153846,1808700161.0,1745097863.0,342000.0,-4679,-1.3699999999999974,-63602298.0,0.38464383715699396,13592.94251214739,0.0004385640477473417,0.0003526054943888627,-0.03516405885977939,-0.035209457722045444,-0.035164644406751946,0.8039999999860641,11.307692307692307,1.3699999999999974,1
Costa Rica,13577.576923076924,13846,13478,22.867692307692305,2.71,26.38,56.23076923076923,49.34615384615385,-6.884615384615385,150008897.92307693,152977087.0,148912710.0,51100.0,-368,23.669999999999998,-4064377.0,0.2657060063224395,11048.281941095507,0.004141443613196793,0.0036343858794333004,-0.026578073089699075,8.734317339950435,-0.02656853441064674,0.8775649794645577,6.884615384615387,23.669999999999998,0
Country_Gen_194,8520.615384615385,9004,8063,50.85346153846154,57.75,51.72,89.76923076923077,50.38461538461539,-39.38461538461539,121952268.38461539,128873907.0,115410161.0,15592.0,-941,-6.030000000000001,-13463746.0,0.5464735367249126,14312.612749167754,0.010535533728151298,0.005913260147334276,-0.10450910706351571,-0.10441558441377638,-0.10447224200318533,0.5612682090768667,39.38461538461539,6.030000000000001,1
Country_Gen_195,46814.230769230766,47939,45339,42.76615384615385,48.82,46.17,65.26923076923077,44.92307692307692,-20.346153846153847,855398682.6923077,875956154.0,828436832.0,98196.0,-2600,-2.6499999999999986,-47519322.0,0.47674274684539375,18272.193489816153,0.0013942177345810068,0.0009596030135477996,-0.05423559106364225,-0.05428103236267345,-0.05424851664436163,0.6882734236783175,20.346153846153854,2.6499999999999986,1
Country_Gen_196,11265.115384615385,10677,12006,28.023846153846154,32.26,36.28,18.576923076923077,58.30769230769231,39.73076923076923,222346239.53846154,210736453.0,236970952.0,33098.0,1329,4.020000000000003,26234499.0,0.34035637756405357,19737.590956422606,0.0016490663826037395,0.00517595162738565,0.12447316661982537,0.12461252324474245,0.12448961072719583,3.1387163559387026,-39.730769230769226,4.020000000000003,1
Country_Gen_197,5757.153846153846,6005,5794,25.681923076923077,31.13,30.04,61.84615384615385,50.38461538461539,-11.461538461538462,102134572.65384616,106526660.0,102790753.0,19289.0,-211,-1.0899999999999999,-3735907.0,0.2984682381747912,17740.462628432444,0.010742487607389608,0.00875165346124402,-0.035137385512067416,-0.03501445550803037,-0.03507015990175605,0.8146766169022504,11.46153846153846,1.0899999999999999,1
Country_Gen_198,1937.6153846153845,2033,1837,12.50423076923077,14.09,12.73,67.5,34.53846153846154,-32.96153846153846,23805098.46153846,24976563.0,22572644.0,14434.0,-196,-1.3599999999999994,-2403919.0,0.1342396691572156,12285.770772950109,0.03483663503908639,0.017825241176694918,-0.09640924741756202,-0.09652235627419993,-0.0962469896278363,0.5116809116733312,32.96153846153846,1.3599999999999994,1
Country_Gen_199,50066.96153846154,51741,48029,49.253461538461536,52.75,48.97,64.88461538461539,42.0,-22.884615384615383,416896038.9230769,430833461.0,399922928.0,98080.0,-3712,-3.780000000000001,-30910533.0,0.5104706519011116,8326.769312789398,0.0012959567225738196,0.0008388765507116841,-0.07174194545911228,-0.07165876777115342,-0.0717458967282952,0.647302904554339,22.884615384615387,3.780000000000001,1
Country_Gen_200,7798.7307692307695,8455,7501,58.55692307692308,68.21,60.52,87.23076923076923,41.88461538461539,-45.34615384615385,118851044.42307693,128847829.0,114316545.0,12395.0,-954,-7.689999999999991,-14531284.0,0.6291836038104187,15239.793235583717,0.011185252038052094,0.005370696415096442,-0.11283264340625512,-0.11274006743713899,-0.11277864836977579,0.48015873015322574,45.34615384615384,7.689999999999991,1
Country_Gen_201,36827.769230769234,38407,36107,63.196538461538466,68.22,64.13,72.3076923076923,55.30769230769231,-17.0,191349612.03846154,199555238.0,187602989.0,56302.0,-2300,-4.090000000000003,-11952249.0,0.6541112079636351,5195.7969769883775,0.0019634013631017865,0.0015017931702874304,-0.05988491681203792,-0.059953092933744505,-0.05989443885206361,0.7648936170106982,17.0,4.090000000000003,1
Country_Gen_202,2489.6923076923076,2592,2387,48.95230769230769,52.86,48.67,62.80769230769231,31.5,-31.307692307692307,44598478.57692308,46438619.0,42758530.0,4905.0,-205,-4.189999999999998,-3680089.0,0.5075825296007747,17913.24913488745,0.025227090156326765,0.012652165853050594,-0.079089506172809,-0.0792659856208992,-0.07924630575254617,0.5015309246705206,31.307692307692307,4.189999999999998,1
Country_Gen_203,5450.423076923077,5599,5312,17.078076923076924,18.88,17.91,65.23076923076923,49.65384615384615,-15.576923076923077,44731350.23076923,45952823.0,43592715.0,29657.0,-287,-0.9699999999999989,-2360108.0,0.18378201021421228,8206.950102672245,0.011968019419802899,0.009110090254107042,-0.05125915342024446,-0.051377118641346496,-0.051359369151270644,0.7612028301770098,15.576923076923073,0.9699999999999989,1
Country_Gen_204,32855.692307692305,34334,31397,40.52538461538462,51.07,4.67,75.84615384615384,48.38461538461539,-27.46153846153846,264340239.6153846,276237445.0,252600705.0,67237.0,-2937,-46.4,-23636740.0,0.4886549415900741,8045.492913064815,0.0023084631160973632,0.0014726402637172836,-0.08554202831012742,-0.9085568826922155,-0.08556674856299804,0.6379310344743478,27.461538461538453,46.4,1
Country_Gen_205,2826.269230769231,3078,2625,58.985,68.74,58.64,98.42307692307692,36.69230769230769,-61.73076923076923,51826435.538461536,56436590.0,48142436.0,4478.0,-453,-10.099999999999994,-8294154.0,0.6311454289344796,18337.40217464615,0.034824381149369164,0.012982594613715587,-0.14717348927870463,-0.1469304626106061,-0.1469641238069132,0.3728018757289204,61.730769230769226,10.099999999999994,1
Country_Gen_206,12310.576923076924,12836,12119,42.33192307692308,47.43,44.78,77.84615384615384,48.26923076923077,-29.576923076923077,227249760.46153846,236951288.0,223716609.0,27062.0,-717,-2.6499999999999986,-13234679.0,0.4549027020573671,18459.7165414341,0.006323517925485699,0.003920956025931103,-0.05585852290432721,-0.0558718110888494,-0.05585400742788957,0.6200592885295843,29.576923076923073,2.6499999999999986,1
Country_Gen_207,43443.5,45068,42557,45.058461538461536,5.23,49.38,71.3076923076923,46.92307692307692,-24.384615384615383,364957437.88461536,378603426.0,357507925.0,86181.0,-2511,44.150000000000006,-21095501.0,0.5040960304475406,8400.737460945988,0.0016413892137532812,0.0010800943046272939,-0.05571580722463709,8.44168259876832,-0.05571925543008689,0.658036677444925,24.384615384615387,44.150000000000006,0
Country_Gen_208,31896.0,34322,30208,40.96961538461539,47.39,41.71,82.11538461538461,41.38461538461539,-40.73076923076923,283050263.11538464,304576809.0,268068354.0,72426.0,-4114,-5.68,-36508455.0,0.440394333526628,8874.161748036611,0.0025744728058497003,0.0012974860604657039,-0.11986480974301848,-0.11985650980966751,-0.11986616814282797,0.5039812646308649,40.730769230769226,5.68,1
Country_Gen_209,7463.846153846154,7599,7248,24.104615384615386,25.42,24.25,63.69230769230769,42.53846153846154,-21.153846153846153,141824470.03846154,144393757.0,137725006.0,29893.0,-351,-1.1700000000000017,-6668751.0,0.24968541644685727,19001.526440273654,0.008533443264968453,0.005699268267545356,-0.04619028819580916,-0.04602675058827596,-0.046184482892844186,0.6678743961247798,21.153846153846153,1.1700000000000017,1
Country_Gen_210,28425.53846153846,30213,27016,33.80384615384615,38.62,34.53,84.8076923076923,38.88461538461539,-45.92307692307692,467260039.0,496647477.0,444082106.0,78236.0,-3197,-4.089999999999996,-52565371.0,0.3633306720887839,16438.0365083397,0.002983503458428394,0.0013679464836603658,-0.10581537748650892,-0.10590367684863007,-0.10584040679622742,0.45850340135513784,45.92307692307692,4.089999999999996,1
Country_Gen_211,474.88461538461536,451,498,23.913076923076922,24.38,26.93,13.23076923076923,52.96153846153846,39.73076923076923,2717362.730769231,2579885.0,2849510.0,1851.0,47,2.5500000000000007,269625.0,0.25655570793320304,5722.153640548411,0.027861018870922138,0.11152506681761565,0.10421286031019021,0.10459392944607904,0.10451047236601628,4.002906976441641,-39.730769230769226,2.5500000000000007,1
Country_Gen_212,42227.61538461538,44716,39476,42.51307692307692,48.34,42.67,78.53846153846153,38.5,-40.03846153846154,232350870.53846154,246041519.0,217212151.0,92506.0,-5240,-5.670000000000002,-28829368.0,0.4564851510671192,5502.344104022211,0.001859883889325024,0.0009117256479991916,-0.11718400572501751,-0.11729416631946023,-0.11717277684340748,0.4902056806989494,40.03846153846153,5.670000000000002,1
Country_Gen_213,11775.038461538461,12038,11593,21.319230769230767,2.64,25.43,57.61538461538461,48.03846153846154,-9.576923076923077,225190546.3846154,230211285.0,221702552.0,45597.0,-445,22.79,-8508733.0,0.25824151723881406,19124.400070551797,0.004893010311904494,0.00407968616793639,-0.03696627346735031,8.632575754305842,-0.03696053822904468,0.8337783711470774,9.576923076923073,22.79,0
Country_Gen_214,7465.0,6943,8013,34.92,32.48,37.48,12.076923076923077,47.07692307692308,35.0,140150655.30769232,130350605.0,150434022.0,21379.0,1070,5.0,20083417.0,0.34917442349967964,18774.367757223514,0.0016178061723940331,0.006306352722962729,0.15411205530748176,0.15394088669476785,0.15407229602041356,3.8980891716517507,-35.0,5.0,1
Country_Gen_215,22777.384615384617,22904,22209,50.48576923076923,50.77,49.22,66.92307692307692,60.5,-6.423076923076923,168562633.03846154,169498802.0,164353160.0,45118.0,-695,-1.5500000000000043,-5145642.0,0.5048402991130838,7400.438456160644,0.0029381370185000023,0.002656143408103738,-0.030344044708346563,-0.03052984045636152,-0.030357984477082028,0.9040229884922387,6.42307692307692,1.5500000000000043,1
Country_Gen_216,7082.076923076923,7628,6596,46.53923076923077,57.99,50.14,78.76923076923077,36.53846153846154,-42.23076923076923,103172813.0,111131139.0,96086753.0,13156.0,-1032,-7.850000000000001,-15044386.0,0.5383153635661587,14568.157635198395,0.011122334821378511,0.005159286172026165,-0.13529103303616474,-0.13536816692299763,-0.1353750725078054,0.46386718749411104,42.23076923076923,7.850000000000001,1
Country_Gen_217,6198.038461538462,6434,5883,40.66115384615385,47.05,43.02,70.6923076923077,41.53846153846154,-29.153846153846153,77631132.07692307,80587170.0,73688956.0,13676.0,-551,-4.029999999999994,-6898214.0,0.4532055031835338,12525.112994804025,0.011405593581093915,0.006701872180403389,-0.0856387939073538,-0.08565356004068737,-0.08559940744910138,0.5875952121788479,29.153846153846153,4.029999999999994,1
Country_Gen_218,22110.73076923077,20682,23571,41.41615384615385,44.88,51.15,15.692307692307692,57.61538461538461,41.92307692307692,156447592.19230768,146342155.0,166776994.0,46082.0,2889,6.269999999999996,20434839.0,0.4798127418347791,7075.640955748629,0.0007097145660216872,0.002605765735050214,0.13968668407310028,0.13970588234982823,0.13963740659688934,3.671568627217008,-41.92307692307692,6.269999999999996,1
Country_Gen_219,16207.346153846154,17533,15884,40.785000000000004,49.15,44.53,82.88461538461539,40.73076923076923,-42.15384615384615,279132027.7307692,301964484.0,273567766.0,35671.0,-1649,-4.619999999999997,-28396718.0,0.45435637223082337,17222.562230801206,0.005114015249494809,0.0025131054056682146,-0.09405121770375326,-0.09399796541009156,-0.09403992689418401,0.49141531321912907,42.15384615384615,4.619999999999997,1
Croatia,12103.23076923077,11454,12811,19.944230769230767,20.24,22.64,17.846153846153847,60.42307692307692,42.57692307692308,85368749.38461539,80787327.0,90360305.0,56594.0,1357,2.400000000000002,9572978.0,0.21386067019879415,7053.385249964462,0.0014744950490014161,0.004992309745649191,0.11847389558231897,0.11857707509295579,0.11849603589434268,3.385775861879245,-42.57692307692307,2.400000000000002,1
Cuba,40632.230769230766,41095,39285,35.682307692307695,3.74,35.75,60.34615384615385,42.80769230769231,-17.53846153846154,483156622.38461536,488661083.0,467140321.0,109884.0,-1810,32.01,-21520762.0,0.3697738594265807,11890.969637593207,0.0014851794426175144,0.0010535402929466497,-0.04404428762623083,8.558823527123309,-0.0440402617451736,0.7093690248448415,17.53846153846154,32.01,0
Cyprus,2938.230769230769,2753,3071,28.367692307692305,29.76,3.32,23.53846153846154,56.80769230769231,33.26923076923077,22266809.730769232,20863034.0,23274215.0,9251.0,318,-26.44,2411181.0,0.31761223318889326,7578.305272662814,0.00801110034819216,0.019333979108300356,0.1155103523428567,-0.8884408601852002,0.11557192496546763,2.4133986927079274,-33.26923076923077,26.44,1
Czech Republic,40924.269230769234,38446,43506,44.49115384615384,48.75,55.17,16.96153846153846,55.34615384615385,38.38461538461539,528077693.11538464,496092492.0,561384233.0,78865.0,5060,6.420000000000002,65291741.0,0.5189154787392216,12903.778199131102,0.0004144616087313144,0.0013524042062683934,0.13161317172137202,0.13169230768960635,0.13161203213694272,3.263038548560456,-38.38461538461539,6.420000000000002,1
Denmark,21163.384615384617,20005,22423,44.10653846153846,4.66,52.23,15.423076923076923,58.26923076923077,42.84615384615385,412240916.03846157,389684790.0,436778653.0,42933.0,2418,47.56999999999999,47093863.0,0.4929398042387936,19478.969150273137,0.0007287623035430952,0.002753303964757579,0.12086978255435536,10.208154504247176,0.12085117050629561,3.7780548625979313,-42.84615384615384,47.56999999999999,2
Djibouti,7588.961538461538,7987,7392,31.51846153846154,34.43,31.86,71.6923076923077,42.53846153846154,-29.153846153846153,58821021.115384616,61902481.0,57293459.0,23200.0,-595,-2.5700000000000003,-4609022.0,0.32711041114056943,7750.865624666385,0.009446919361622166,0.005605307303623452,-0.07449605609113878,-0.07464420563245298,-0.07445617567412201,0.5933476394767022,29.153846153846153,2.5700000000000003,1
Dominica,286.38461538461536,298,276,34.270384615384614,39.79,3.68,66.84615384615384,41.69230769230769,-25.153846153846153,5573165.923076923,5805943.0,5369665.0,751.0,-22,-36.11,-436278.0,0.3813377035742131,19460.423583063934,0.2334139135097947,0.1455815202788363,-0.07382550335545697,-0.9075144508442445,-0.07514334880655905,0.6237054085062047,25.153846153846146,36.11,1
Dominican Republic,23179.80769230769,23253,22499,41.02884615384615,47.78,46.23,57.46153846153846,45.0,-12.461538461538462,434330129.5,435695177.0,421570503.0,48671.0,-754,-1.5500000000000043,-14124674.0,0.47625501206688203,18737.434549300226,0.002478948023395587,0.001941344837598954,-0.03242592353674655,-0.03244035161087409,-0.03241870634707531,0.7831325301068531,12.46153846153846,1.5500000000000043,1
Ecuador,115090.73076923077,123940,109091,37.63153846153846,43.71,38.47,84.53846153846153,42.42307692307692,-42.11538461538461,765902159.4230769,824789787.0,725973338.0,283561.0,-14849,-5.240000000000002,-98816449.0,0.4058764455239979,6654.76841014057,0.0007345375337651601,0.00036860550488761217,-0.11980797159915992,-0.11988103408556672,-0.11980804146402457,0.5018198362088047,42.11538461538461,5.240000000000002,1
Egypt,5485.2307692307695,5706,5256,0.5480769230769231,0.57,0.52,81.84615384615384,50.38461538461539,-31.46153846153846,82618323.1923077,85935489.0,79170203.0,1001450.0,-450,-0.04999999999999993,-6765286.0,0.005477288700614872,15061.95940847877,0.014921186963591824,0.009185505132662261,-0.07886435331228901,-0.08771929809172042,-0.07872517022623797,0.615601503751877,31.461538461538453,0.04999999999999993,1
El Salvador,9145.807692307691,9399,8995,37.45192307692308,44.67,42.75,60.61538461538461,41.5,-19.115384615384617,57495850.23076923,59089929.0,56549002.0,21041.0,-404,-1.9200000000000017,-2540927.0,0.43466601835973845,6286.579836914923,0.006627668835236942,0.004537598142906511,-0.04298329609532472,-0.042981867023886726,-0.043001016298394944,0.6846446700394666,19.115384615384613,1.9200000000000017,1
Equatorial Guinea,3912.230769230769,3970,3887,12.984615384615385,14.15,13.86,68.84615384615384,61.84615384615385,-7.0,25498949.884615384,25875777.0,25333326.0,28051.0,-83,-0.2900000000000009,-542451.0,0.13946849556987734,6517.751990796423,0.017597671995119274,0.015808411490587596,-0.02090680100755141,-0.020494699645194785,-0.020963660337620007,0.8983240223333204,6.999999999999993,0.2900000000000009,1
Eritrea,17435.076923076922,17581,17243,13.798461538461538,14.95,14.66,67.38461538461539,54.23076923076923,-13.153846153846153,301573913.61538464,304101623.0,298246830.0,117600.0,-338,-0.28999999999999915,-5854793.0,0.14825745682888414,17296.96490275914,0.0038648877594237513,0.0031104404913170603,-0.019225300039814618,-0.01939799330973921,-0.01925275157114173,0.8047945205360019,13.153846153846153,0.28999999999999915,1
Estonia,20681.73076923077,19186,21931,42.67,42.42,48.49,20.692307692307693,71.03846153846153,50.34615384615385,332396130.1923077,308355831.0,352481496.0,45227.0,2745,6.07,44125665.0,0.4572872569312648,16071.968729368324,0.0010005114138267217,0.0034348412292527046,0.14307307411653586,0.14309288071326987,0.1430998235282277,3.4330855016928243,-50.34615384615384,6.07,1
Eswatini,5723.115384615385,6009,5546,30.660384615384615,34.61,31.94,80.92307692307692,52.69230769230769,-28.23076923076923,86109792.8076923,90416985.0,83438884.0,17364.0,-463,-2.669999999999998,-6978101.0,0.3295966012793743,15045.964832222959,0.014139689921436228,0.009206927372798305,-0.07705109003160641,-0.0771453337163494,-0.07717688219752074,0.6511406844026,28.230769230769226,2.669999999999998,1
Ethiopia,198895.34615384616,209412,189748,17.39076923076923,18.96,17.18,80.65384615384616,44.34615384615385,-36.30769230769231,3733420737.4615383,3930820165.0,3561714368.0,1104300.0,-19664,-1.7800000000000011,-369105797.0,0.18010988513433487,18770.77975758019,0.00040550896596373734,0.00022296224976451557,-0.09390101808874328,-0.09388185653513287,-0.09390045372375869,0.5498330948906553,36.307692307692314,1.7800000000000011,1
Fiji,11624.5,12107,11213,56.927307692307686,66.25,61.36,75.61538461538461,43.07692307692308,-32.53846153846154,130724667.6923077,136147348.0,126101632.0,18274.0,-894,-4.890000000000001,-10045716.0,0.6361223596366073,11245.616387138925,0.00650482899181712,0.0037057011550534966,-0.07384157925166648,-0.07381132075360285,-0.07378561644843791,0.5696846388530967,32.53846153846153,4.890000000000001,1
Finland,158150.0,152123,169091,41.85807692307692,44.95,49.96,19.884615384615383,55.61538461538461,35.73076923076923,819127866.5769231,787913779.0,875798426.0,338424.0,16968,5.009999999999998,87884647.0,0.4673131929177586,5179.436399474664,0.00012573262968457324,0.0003516622485955376,0.11154131853828737,0.11145717463600759,0.11154094438041297,2.7969052222964805,-35.730769230769226,5.009999999999998,1
France,121182.19230769231,112449,129884,19.666153846153847,20.38,23.54,13.961538461538462,72.46153846153847,58.5,767697529.0,712370055.0,822823674.0,551695.0,17435,3.16,110453619.0,0.21965432405168087,6335.068828023359,0.00011521113948895036,0.0005979553355294283,0.15504806623446934,0.1550539744771809,0.1550509011780401,5.190082644256358,-58.50000000000001,3.16,1
Gabon,39881.88461538462,42912,37200,12.84769230769231,16.03,1.39,106.96153846153847,46.26923076923077,-60.69230769230769,596770869.0,642116506.0,556648006.0,267668.0,-5712,-14.64,-85468500.0,0.14899758138957392,14963.457087225463,0.002681957973978865,0.0011601565777405877,-0.1331096196867978,-0.913287585719695,-0.13310434975798613,0.4325782092731941,60.6923076923077,14.64,1
Georgia,36984.846153846156,39604,34476,47.41807692307692,56.82,49.46,81.53846153846153,37.26923076923077,-44.26923076923077,677304158.6153846,725268272.0,631357724.0,69700.0,-5128,-7.359999999999999,-93910548.0,0.530629069639105,18313.01814256517,0.0022046451457249047,0.0010076892199091664,-0.12948187051812624,-0.12953185497836092,-0.12948387738103068,0.45707547169250756,44.26923076923077,7.359999999999999,1
Germany,79821.80769230769,74744,85732,21.59307692307692,20.94,24.01,14.923076923076923,62.26923076923077,47.34615384615385,916018904.2307693,857747793.0,983848319.0,357022.0,10988,3.0700000000000003,126100526.0,0.22357671990047523,11475.79753845932,0.00018695488556963425,0.0007801029890134996,0.14700845552820097,0.1466093600694074,0.14701352428895145,4.1726804120915215,-47.34615384615384,3.0700000000000003,1
Ghana,66935.69230769231,70864,64395,23.215384615384615,29.71,2.7,60.26923076923077,38.61538461538461,-21.653846153846153,927405832.2692307,981833868.0,892208452.0,238533.0,-6469,-27.01,-89625416.0,0.28061397084551,13855.176517874583,0.0009004049811299803,0.0005769027447699427,-0.09128753668999645,-0.9091215078791949,-0.09128368751687836,0.6407147415337214,21.653846153846153,27.01,1
Greece,31832.076923076922,29909,34076,20.79346153846154,22.67,25.82,18.46153846153846,63.73076923076923,45.26923076923077,462932005.9230769,434967058.0,495571605.0,131957.0,4167,3.1499999999999986,60604547.0,0.24123068062381445,14542.94066459283,0.0005799665069342063,0.0020020927124791248,0.13932261192282794,0.1389501543829311,0.13933134908804978,3.452083333146346,-45.269230769230774,3.1499999999999986,1
Grenada,105.76923076923077,111,99,29.858076923076926,32.32,28.89,70.76923076923077,48.76923076923077,-22.0,1190447.423076923,1245008.0,1112980.0,344.0,-12,-3.4299999999999997,-132028.0,0.3074686940957073,11255.13927262086,0.6690909090845831,0.46109090908654965,-0.10810810810713416,-0.10612623762047876,-0.10604590492591204,0.6891304347728708,22.000000000000007,3.4299999999999997,1
Guatemala,43522.03846153846,44229,42327,39.97,40.62,38.87,59.96153846153846,43.42307692307692,-16.53846153846154,404980164.5,411559888.0,393858837.0,108889.0,-1902,-1.75,-17701051.0,0.3996917821041433,9305.174546405542,0.0013777281713154735,0.0009977261740956827,-0.04300345926880456,-0.043082225503616886,-0.04300966035834863,0.724182168044369,16.53846153846154,1.75,1
Guinea,29035.76923076923,30991,27801,10.990384615384615,12.61,11.31,77.6923076923077,39.88461538461539,-37.80769230769231,550702940.0384616,587789999.0,527275957.0,245857.0,-3190,-1.299999999999999,-60514042.0,0.11810023400094004,18966.363028359592,0.002675744771038282,0.0013736372908746033,-0.10293310961246481,-0.10309278349697908,-0.10295180609222988,0.5133663366270557,37.80769230769231,1.299999999999999,1
Guinea-Bissau,14541.692307692309,15323,13857,36.05346153846154,42.42,38.36,78.46153846153847,44.5,-33.96153846153846,262657432.15384614,276774408.0,250282049.0,36125.0,-1466,-4.060000000000002,-26492359.0,0.4025381953686341,18062.3703621405,0.005395626368743083,0.003060166523841052,-0.09567317105004923,-0.09570957095483953,-0.09571823923836195,0.5671568627378695,33.96153846153847,4.060000000000002,1
Guyana,124545.69230769231,132348,120768,55.95076923076923,61.57,56.18,76.73076923076923,45.46153846153846,-31.26923076923077,2266508835.5,2408499577.0,2197756378.0,214969.0,-11580,-5.390000000000001,-210743199.0,0.5793658262711914,18198.2113833414,0.0006160852921448612,0.000365018955045226,-0.08749659987306127,-0.08754263439844824,-0.08749978659431586,0.5924812029997972,31.269230769230766,5.390000000000001,1
Haiti,13125.307692307691,13711,12840,44.02192307692307,49.41,46.27,59.88461538461539,32.61538461538461,-27.26923076923077,227289622.96153846,237437846.0,222350889.0,27750.0,-871,-3.1399999999999935,-15086957.0,0.4729840609840439,17316.898642667864,0.004562530402217329,0.002484923430366278,-0.06352563635037098,-0.06354988868521441,-0.06354065813080194,0.5446371226627099,27.269230769230774,3.1399999999999935,1
Honduras,52212.0,53222,50361,38.393846153846155,47.31,44.77,56.26923076923077,39.23076923076923,-17.03846153846154,925481749.4230769,943385421.0,892672342.0,112492.0,-2861,-2.539999999999999,-50713079.0,0.46413967215446017,17725.46061102925,0.001077706863733044,0.000751374573484419,-0.05375596557814337,-0.05368843796124098,-0.05375647945273897,0.6971975392904122,17.038461538461533,2.539999999999999,1
Hungary,46527.346153846156,43001,50166,50.01576923076924,46.22,53.93,14.192307692307692,66.88461538461539,52.69230769230769,699651715.4230769,646631823.0,754362597.0,93028.0,7165,7.710000000000001,107730774.0,0.5001434638371851,15037.430097766828,0.0003050315323246561,0.0014375334274053578,0.16662403199925196,0.16681090436679338,0.16660295730604646,4.712737127039211,-52.69230769230769,7.710000000000001,1
Iceland,24241.5,23040,25476,18.63423076923077,22.37,24.73,23.423076923076923,57.11538461538461,33.69230769230769,149232807.07692307,141839262.0,156832405.0,103000.0,2436,2.3599999999999994,14993143.0,0.23535436893203654,6156.087992777548,0.0009662387609296436,0.002356099441675732,0.10572916666666207,0.10549843539984358,0.1057051678681182,2.4384236452160932,-33.69230769230769,2.3599999999999994,1
India,1872286.7692307692,1897820,1817191,54.948461538461544,57.73,55.28,64.1923076923077,46.0,-18.192307692307693,14960343513.423077,15164360600.0,14520106386.0,3287263.0,-80629,-2.4499999999999957,-644254214.0,0.569557948126076,7990.412451384004,3.428551050365064e-05,2.456888589716367e-05,-0.04248506180775836,-0.0424389398918683,-0.04248475956183738,0.7165967645184952,18.192307692307693,2.4499999999999957,1
Indonesia,956475.2307692308,987123,931099,48.46884615384616,51.83,48.89,61.26923076923077,36.53846153846154,-24.73076923076923,13585397408.076923,14020700049.0,13224963241.0,1904569.0,-56024,-2.9399999999999977,-795736808.0,0.5022003564949499,14203.606085179077,6.405731042293258e-05,3.820115813043689e-05,-0.0567548319712943,-0.056723905073186844,-0.056754427754608046,0.5963590709256088,24.730769230769226,2.9399999999999977,1
Iran,930710.1153846154,949172,869074,50.573461538461544,57.59,52.73,78.26923076923077,44.76923076923077,-33.5,7753350968.076923,7907146998.0,7239888952.0,1648195.0,-80098,-4.8600000000000065,-667258046.0,0.5646844671805308,8330.575589449618,8.409625024531507e-05,4.810222864154631e-05,-0.08438723434741006,-0.08438965097960786,-0.08438670055947782,0.571990171982864,33.50000000000001,4.8600000000000065,1
Iraq,189953.07692307694,198164,183706,43.33576923076923,45.21,41.91,83.53846153846153,56.73076923076923,-26.807692307692307,1527701098.0769231,1593736707.0,1477463239.0,438317.0,-14458,-3.3000000000000043,-116273468.0,0.43336917555804705,8042.518304115549,0.0004397847241626451,0.00029865675328724753,-0.07295977069497955,-0.07299270072831258,-0.07295650999898819,0.6790976058850569,26.8076923076923,3.3000000000000043,1
Ireland,25702.923076923078,24407,27193,35.23692307692308,34.73,3.87,16.307692307692307,55.65384615384615,39.34615384615385,390249591.84615386,370579971.0,412868542.0,70273.0,2786,-30.859999999999996,42288571.0,0.365758158566202,15183.082121757485,0.0006344683932985525,0.0021652730309033147,0.1141475806121148,-0.8885689605272512,0.11411456179319523,3.4127358488473325,-39.34615384615385,30.859999999999996,1
Israel,3304.423076923077,3493,3079,14.799230769230771,16.82,14.82,84.76923076923077,44.53846153846154,-40.23076923076923,53705098.15384615,56771193.0,50034365.0,20770.0,-414,-2.0,-6736828.0,0.15909595940890311,16252.488529355494,0.025653261944937823,0.013478437991033574,-0.118522759805291,-0.11890606420220534,-0.11866631021828271,0.5254083484511521,40.23076923076923,2.0,1
Italy,158258.46153846153,149619,167302,47.05538461538462,49.65,55.52,15.153846153846153,53.69230769230769,38.53846153846154,2038299192.0384614,1927029896.0,2154774864.0,301340.0,17683,5.8700000000000045,227744968.0,0.5251823904508562,12879.558996237816,9.575378154528074e-05,0.00033926974374926883,0.11818686129435355,0.11822759314968333,0.11818444979641354,3.543147207888016,-38.53846153846154,5.8700000000000045,1
Ivory Coast,76005.07692307692,79835,72973,22.774615384615384,24.76,22.63,79.46153846153847,41.30769230769231,-38.15384615384615,558779940.8846154,586937354.0,536491044.0,322463.0,-6862,-2.1300000000000026,-50446310.0,0.23570169887111603,7351.87652596072,0.0010454767191665198,0.0005434859614641055,-0.08595227657042542,-0.08602584813869049,-0.08594837192795196,0.5198451113196921,38.15384615384616,2.1300000000000026,1
Jamaica,5029.461538461538,5297,4810,37.81384615384615,4.82,43.77,82.26923076923077,45.38461538461539,-36.88461538461539,59462616.807692304,62619515.0,56871658.0,10991.0,-487,38.95,-5747857.0,0.4575981747303321,11822.859435936654,0.016357462949081372,0.00902375235152689,-0.09193883330185162,8.080912861394001,-0.09179018713255764,0.5516596540372402,36.88461538461539,38.95,0
Japan,60171.5,61843,56720,14.815384615384614,16.36,15.01,73.3076923076923,43.73076923076923,-29.576923076923077,729888813.9230769,750166714.0,688020203.0,377975.0,-5123,-1.3499999999999996,-62146511.0,0.1591943911634363,12130.141577375747,0.0012183125284842672,0.0007267688063413494,-0.08283880148116872,-0.08251833740326903,-0.08284359974948181,0.596537250778851,29.576923076923073,1.3499999999999996,1
Jordan,25665.30769230769,26164,25443,24.751923076923074,29.29,28.48,47.15384615384615,38.61538461538461,-8.538461538461538,193934709.23076922,197705983.0,192252506.0,89342.0,-721,-0.8099999999999987,-5453477.0,0.28727035092462005,7556.2978459396,0.0018372601146713346,0.0015045751673164924,-0.027556948478824814,-0.02765448958594552,-0.0275837732234942,0.8189233278782284,8.53846153846154,0.8099999999999987,1
Kazakhstan,1299818.3076923077,1374773,1223695,44.353846153846156,50.45,44.91,90.92307692307692,40.76923076923077,-50.15384615384615,18686025935.615383,19763567641.0,17591691540.0,2724900.0,-151078,-5.540000000000006,-2171876101.0,0.47701504924669064,14375.875324290873,6.995060493070092e-05,3.136533046808078e-05,-0.10989305143467314,-0.10981169474509801,-0.10989291713174247,0.4483925549866082,50.15384615384615,5.540000000000006,1
Kenya,231547.61538461538,236426,224819,37.09423076923077,40.74,38.74,59.46153846153846,33.0,-26.46153846153846,1293323627.7692308,1320571534.0,1255742581.0,580367.0,-11607,-2.0,-64828953.0,0.3989675763518859,5585.562285411284,0.0002568004786521718,0.00014251928246026093,-0.049093585307876254,-0.049091801667916254,-0.04909158749138992,0.5549805950747546,26.46153846153846,2.0,1
Kiribati,345.11538461538464,364,332,35.20192307692308,44.89,41.02,79.23076923076923,47.53846153846154,-31.692307692307693,6554678.0,6904011.0,6308421.0,811.0,-32,-3.8699999999999974,-595590.0,0.4255430143217745,18992.71458815404,0.2295776217534861,0.13774657305209168,-0.0879120879118464,-0.08621073735606564,-0.08626724378046326,0.5999999999924273,31.692307692307686,3.8699999999999974,1
Kuwait,170.80769230769232,181,160,0.791923076923077,1.02,0.09,76.38461538461539,29.653846153846153,-46.73076923076923,1617114.1923076923,1717960.0,1515309.0,17818.0,-21,-0.93,-202651.0,0.009586243815674191,9467.455302804288,0.44719657734482615,0.173609547398218,-0.1160220994468728,-0.911764704988466,-0.11796025518638378,0.3882175226535278,46.73076923076923,0.93,1
Kyrgyzstan,45207.96153846154,46428,43645,21.013846153846153,23.22,21.83,56.53846153846154,43.42307692307692,-13.115384615384615,747049846.3076923,767216394.0,721228791.0,199951.0,-2783,-1.3900000000000006,-45987603.0,0.22609520101655564,16524.74079531564,0.0012506306326233957,0.0009605183566202813,-0.05994227621262902,-0.05986218776658649,-0.0599408502733324,0.7680272108707695,13.11538461538462,1.3900000000000006,1
Laos,95169.0,100680,89242,31.86576923076923,42.52,37.69,88.53846153846153,50.92307692307692,-37.61538461538461,1444675248.6923077,1528338534.0,1354709602.0,236800.0,-11438,-4.830000000000005,-173628932.0,0.4018961148648632,15180.10327619595,0.0009303287996980172,0.0005350805086012922,-0.1136074692093751,-0.11359360300767667,-0.1136063301012078,0.575152041696371,37.61538461538461,4.830000000000005,1
Latvia,32684.30769230769,30557,34812,50.62692307692308,47.33,53.92,14.346153846153847,64.34615384615384,50.0,324569248.96153843,303440388.0,345694813.0,64559.0,4255,6.590000000000003,42254425.0,0.506270352581471,9930.43059125026,0.0004389309383943231,0.0019687170507605963,0.13924796282357105,0.13923515740250939,0.13925115663904306,4.485254691376363,-49.99999999999999,6.590000000000003,1
Lebanon,4798.038461538462,4876,4672,39.57576923076923,46.66,4.47,61.26923076923077,42.57692307692308,-18.692307692307693,67247970.07692307,68339863.0,65477280.0,10452.0,-204,-42.19,-2862583.0,0.45905457917508635,14015.721344456751,0.012769641440008878,0.008873818627802782,-0.041837571780139075,-0.9042006000663482,-0.04188745593475948,0.6949152542259462,18.692307692307686,42.19,1
Lesotho,12819.346153846154,12907,12539,36.36884615384616,42.52,41.31,53.53846153846154,46.5,-7.038461538461538,78141754.76923077,78676870.0,76435098.0,30355.0,-368,-1.2100000000000009,-2241772.0,0.42231415430228075,6095.611572652635,0.004176380050584278,0.0036273300870376373,-0.02851166033934853,-0.028457196612689174,-0.028493406003568776,0.8685344827423981,7.03846153846154,1.2100000000000009,1
Liberia,44191.692307692305,46157,41720,32.783076923076926,41.45,37.46,73.1923076923077,34.42307692307692,-38.76923076923077,319548598.5,333758590.0,301678875.0,111369.0,-4437,-3.990000000000002,-32079715.0,0.3968042481093653,7230.965410310164,0.0016562458659128041,0.0007789490541208404,-0.09612843122386429,-0.09626055488308183,-0.09611652242418689,0.47031003677759947,38.769230769230774,3.990000000000002,1
Libya,51684.42307692308,53023,50037,2.9376923076923074,3.01,2.84,67.8076923076923,44.26923076923077,-23.53846153846154,375005109.3076923,384719547.0,363051474.0,1759540.0,-2986,-0.16999999999999993,-21668073.0,0.0293738267256914,7255.669832079901,0.0013119560647271093,0.0008565294557577441,-0.056315183976763744,-0.056478405296851004,-0.05632173662337984,0.6528644356114721,23.53846153846154,0.16999999999999993,1
Liechtenstein,34.76923076923077,32,37,20.565384615384616,20.57,23.28,18.384615384615383,60.96153846153846,42.57692307692308,207057.42307692306,192981.0,218377.0,160.0,5,2.710000000000001,25396.0,0.21730769230633412,5955.191371510139,0.528761061931695,1.7533185840203693,0.1562499999951172,0.13174526008110138,0.13159844751555785,3.3158995814095955,-42.57692307692308,2.710000000000001,1
Lithuania,19436.423076923078,18475,20567,26.62653846153846,28.29,3.15,19.423076923076923,59.07692307692308,39.65384615384615,275127504.5,261520369.0,291133057.0,65300.0,2092,-25.14,29612688.0,0.29764813287783737,14155.253948276395,0.0009993133431087432,0.0030394956336931276,0.11323410013531186,-0.8886532343270183,0.11323281667593547,3.041584158259245,-39.65384615384616,25.14,1
Luxembourg,1000.2307692307693,952,1065,33.31153846153846,36.82,4.12,15.038461538461538,58.42307692307692,43.38461538461539,9935985.384615384,9454546.0,10578114.0,2586.0,113,-32.7,1123568.0,0.38678684038297856,9933.692993914547,0.015034991924925366,0.05840959778506811,0.11869747899147196,-0.8881042911219962,0.11883891622083173,3.884910485675172,-43.38461538461538,32.7,1
Madagascar,324101.8846153846,338000,312993,51.44461538461538,57.58,53.32,76.46153846153847,46.84615384615385,-29.615384615384617,3356753636.1923075,3500697374.0,3241695634.0,587041.0,-25007,-4.259999999999998,-259001740.0,0.5520941205390834,10357.093850829639,0.0002359182161260062,0.00014454144227438406,-0.0739852071005915,-0.07398402222865604,-0.07398575550221212,0.6126760563300152,29.61538461538462,4.259999999999998,1
Malawi,38933.46153846154,39921,37510,31.75153846153846,33.69,31.66,62.53846153846154,40.11538461538461,-22.423076923076923,746595189.2307693,765537351.0,719292934.0,118484.0,-2411,-2.0299999999999976,-46244417.0,0.3285967855445563,19176.183152715683,0.0016062908117399097,0.0010303575133116395,-0.06039427870043185,-0.06025526862391638,-0.06040778668681837,0.6414514145038882,22.423076923076927,2.0299999999999976,1
Malaysia,58644.11538461538,61636,54874,15.311923076923078,18.63,16.59,68.61538461538461,36.88461538461539,-31.73076923076923,299577729.34615386,314863604.0,280316393.0,330803.0,-6762,-2.039999999999999,-34547211.0,0.17727806393719286,5108.402222139061,0.001170030175497948,0.00062895680398124,-0.10970861185021563,-0.10950080514710137,-0.10972119534018927,0.5375560538038249,31.730769230769226,2.039999999999999,1
Maldives,174.07692307692307,179,170,46.20923076923077,59.89,5.7,65.53846153846153,50.92307692307692,-14.615384615384615,2885146.269230769,2969659.0,2826184.0,300.0,-9,-54.19,-143475.0,0.580256410254476,16573.973265481458,0.3764913831175898,0.2925320371171883,-0.050279329608657664,-0.904825513426201,-0.048313627928324415,0.7769953051524636,14.615384615384613,54.19,1
Mali,531943.7307692308,553602,514873,41.36923076923077,44.64,41.52,72.38461538461539,41.11538461538461,-31.26923076923077,3155420828.730769,3283893690.0,3054158248.0,1240192.0,-38729,-3.1199999999999974,-229735442.0,0.4289204661610705,5931.8695685496405,0.0001360756997360259,7.729273274060131e-05,-0.06995820101805977,-0.06989247311671383,-0.0699582458164168,0.5680127523832261,31.269230769230774,3.1199999999999974,1
Malta,132.57692307692307,123,142,39.33769230769231,39.21,45.02,16.5,70.1923076923077,53.69230769230769,1136951.9615384615,1058661.0,1215629.0,316.0,19,5.810000000000002,156968.0,0.41954722492564406,8575.79083254338,0.12445604873709434,0.5294458949771497,0.15447154471419128,0.14817648558663163,0.14827031504891544,4.254079253821431,-53.69230769230769,5.810000000000002,1
Marshall Islands,87.88461538461539,92,85,47.09653846153846,51.31,47.14,65.92307692307692,33.07692307692308,-32.84615384615385,1473237.4615384615,1548648.0,1422842.0,181.0,-7,-4.170000000000002,-125806.0,0.48555036123828643,16763.314660640764,0.7501094091818368,0.3763676148753674,-0.07608695652091209,-0.08127070746284801,-0.0812360200639525,0.5017502917076748,32.84615384615384,4.170000000000002,1
Mauritania,429168.8846153846,442511,418668,34.45269230769231,42.93,40.62,67.11538461538461,45.26923076923077,-21.846153846153847,6750210849.115385,6960069673.0,6585040225.0,1030700.0,-23843,-2.3100000000000023,-375029448.0,0.41638583934741846,15728.565352925847,0.0001563845540096234,0.00010548115763285202,-0.05388114645737608,-0.05380852550538537,-0.053883001984138326,0.6744985673251936,21.846153846153847,2.3100000000000023,1
Mauritius,528.5769230769231,549,512,23.234615384615385,26.94,25.11,55.73076923076923,38.92307692307692,-16.807692307692307,8595335.73076923,8927173.0,8322026.0,2040.0,-37,-1.8300000000000018,-605147.0,0.259106334841502,16261.276940957374,0.10543549443333033,0.07363748817565927,-0.06739526411645283,-0.06792873050972803,-0.06778708108378766,0.6984126984001665,16.807692307692314,1.8300000000000018,1
Mexico,709378.7307692308,749451,687277,31.051923076923078,38.15,34.99,68.23076923076923,37.84615384615385,-30.384615384615383,11481289129.423077,12129849827.0,11123579251.0,1964375.0,-62174,-3.1599999999999966,-1006270576.0,0.36112184830759425,16184.99206618877,9.618383843674248e-05,5.3351125716885345e-05,-0.08295939294230031,-0.08283093053518129,-0.08295820561274621,0.5546786922128402,30.38461538461538,3.1599999999999966,1
Micronesia,453.88461538461536,477,430,62.58115384615384,68.07,61.32,67.5,36.07692307692308,-31.423076923076923,6570636.461538462,6908461.0,6223334.0,702.0,-47,-6.749999999999993,-685127.0,0.6465592811737447,14476.44674176965,0.14871621049030875,0.07948478942444992,-0.09853249475870329,-0.09916262670634392,-0.09917216005127624,0.5344729344650164,31.42307692307692,6.749999999999993,1
Moldova,12422.576923076924,11676,13292,34.29615384615385,3.45,39.27,15.115384615384615,60.03846153846154,44.92307692307692,114992893.0,108079982.0,123037244.0,33846.0,1616,35.82,14957262.0,0.36703235014703534,9256.766427130997,0.001216767238309803,0.00483301185496591,0.13840356286398267,10.382608692642721,0.13839067811835867,3.972010177854269,-44.92307692307693,35.82,2
Monaco,0.0,0,0,40.225769230769224,40.84,46.05,15.615384615384615,57.69230769230769,42.07692307692308,8873.0,8388.0,9457.0,2.0,0,5.209999999999994,1069.0,0.0,8873000000000.0,15615384615.384615,57692307692.30769,0.0,0.12757100881176353,0.12744396757270773,3.6945812805515788,-42.07692307692308,5.209999999999994,1
Mongolia,448898.92307692306,456748,446880,26.684615384615384,2.92,28.57,60.11538461538461,43.53846153846154,-16.576923076923077,4332391084.153846,4408142531.0,4312904085.0,1564110.0,-9868,25.65,-95238446.0,0.28699958639540873,9651.15054065621,0.00013391741776373818,9.69894541961303e-05,-0.021604911242085304,8.784246572334162,-0.021605119464772587,0.7242482405509723,16.576923076923073,25.65,0
Montenegro,5548.576923076923,5220,5897,33.17,3.78,4.27,20.423076923076923,63.65384615384615,43.23076923076923,84272527.42307693,79289288.0,89569812.0,13812.0,677,0.48999999999999977,10280524.0,0.40172146851118745,15188.133568549143,0.0036807774689276134,0.011472103034039925,0.12969348659001345,0.12962962959533603,0.12965842245928605,3.1167608284726254,-43.230769230769226,0.48999999999999977,1
Morocco,190182.84615384616,197444,183151,39.681538461538466,44.22,41.01,69.3076923076923,44.26923076923077,-25.03846153846154,1964722270.5384614,2039735584.0,1892081761.0,446550.0,-14293,-3.210000000000001,-147653823.0,0.4258937322894317,10330.701797096424,0.0003644266226388594,0.00023277194376100286,-0.07239014606673248,-0.07259158751531908,-0.07238870771202861,0.6387347391694743,25.03846153846154,3.210000000000001,1
Mozambique,200484.5,207613,191302,18.899615384615384,2.59,23.87,69.11538461538461,53.19230769230769,-15.923076923076923,3222111028.269231,3336677228.0,3074525718.0,801590.0,-16311,21.28,-262151510.0,0.2501085342881021,16071.621637928194,0.0003447417861000939,0.0002653188036596716,-0.07856444442303671,8.216216213043932,-0.07856663743203393,0.76961602670005,15.92307692307692,21.28,0
Myanmar,289905.96153846156,299832,281914,35.53076923076923,44.32,41.67,72.26923076923077,47.69230769230769,-24.576923076923077,2268634423.230769,2346307624.0,2206090377.0,676578.0,-17918,-2.6499999999999986,-140217247.0,0.4284886022579231,7825.414873125276,0.0002492850798435293,0.00016450957903458026,-0.0597601323407773,-0.059792418771214044,-0.05976081122770967,0.6599254922739978,24.57692307692308,2.6499999999999986,1
Namibia,392468.3461538461,421100,372073,44.10307692307693,5.1,45.07,91.07692307692308,39.57692307692308,-51.5,2985909487.423077,3203740432.0,2830739108.0,825615.0,-49027,39.97,-373001324.0,0.47536484457506906,7608.026269340468,0.00023206183115012552,0.000100841057539476,-0.11642602707195414,7.8372549004240675,-0.11642682418161647,0.43454391891414773,51.5,39.97,0
Nauru,3.0,3,3,16.76423076923077,17.56,17.22,66.26923076923077,48.84615384615385,-17.423076923076923,29882.03846153846,30234.0,29652.0,21.0,0,-0.33999999999999986,-582.0,0.14285714285034012,9960.67948385926,22.089743582380343,16.282051276623932,0.0,-0.01936218678705226,-0.019249851160943996,0.7370864770637467,17.423076923076927,0.33999999999999986,1
Nepal,77220.15384615384,78476,75175,50.67,53.32,51.08,60.84615384615385,50.38461538461539,-10.461538461538462,944560331.4615384,959924987.0,919542152.0,147181.0,-3301,-2.240000000000002,-40382835.0,0.5246611576640553,12232.044154475258,0.0007879569104119787,0.0006524801217697169,-0.04206381568887249,-0.04201050262486856,-0.04206874031501797,0.8280657395565553,10.46153846153846,2.240000000000002,1
Netherlands,11305.653846153846,10534,12096,25.321923076923078,25.36,29.12,13.23076923076923,57.84615384615385,44.61538461538461,83515521.76923077,77817725.0,89352839.0,41543.0,1562,3.7600000000000016,11535114.0,0.27214341396032,7387.05809550636,0.001170278995873302,0.005116568633120484,0.1482817543193328,0.14826498422128298,0.14823247531330427,4.372093022925365,-44.61538461538461,3.7600000000000016,1
New Zealand,133423.26923076922,137844,131163,46.27076923076923,51.43,48.94,68.38461538461539,45.19230769230769,-23.192307692307693,1214219177.4615386,1254451284.0,1193650459.0,268021.0,-6681,-2.490000000000002,-60800825.0,0.49780901209520423,9100.505365083005,0.0005125388980413654,0.0003387138386943782,-0.04846783320275059,-0.04841532179567542,-0.04846806390609904,0.6608548931286938,23.192307692307693,2.490000000000002,1
Nicaragua,57506.88461538462,59079,56090,41.059999999999995,45.32,43.02,66.65384615384616,50.0,-16.653846153846153,301882198.5769231,310133291.0,294443711.0,130373.0,-2989,-2.299999999999997,-15689580.0,0.4410950474053997,5249.496657590739,0.0011590585475049944,0.0008694611146892629,-0.05059327341356403,-0.05075022065201339,-0.05058979624344811,0.7501442584999978,16.65384615384616,2.299999999999997,1
Niger,491745.5,502824,473383,36.10961538461539,39.69,37.36,65.76923076923077,49.57692307692308,-16.192307692307693,6200781710.076923,6340479438.0,5969230270.0,1267000.0,-29441,-2.3299999999999983,-371249168.0,0.3881179952644038,12609.737577826154,0.000133746482213321,0.00010081825472103553,-0.05855130224492057,-0.05870496346538911,-0.058552223318478966,0.753801169579182,16.192307692307693,2.3299999999999983,1
Nigeria,382412.73076923075,395134,367445,37.08346153846154,42.77,39.78,64.07692307692308,38.76923076923077,-25.307692307692307,5948618093.884615,6146509928.0,5715782805.0,923768.0,-27689,-2.990000000000002,-430727123.0,0.4139705323947466,15555.491790032296,0.00016755959705638178,0.00010138059653831501,-0.07007496191165512,-0.06990881458803117,-0.07007669849158665,0.6050420167972802,25.307692307692314,2.990000000000002,1
North Korea,27242.03846153846,28379,26579,17.917307692307695,23.54,22.05,67.26923076923077,44.38461538461539,-22.884615384615383,294822932.0,307127598.0,287649559.0,120540.0,-1800,-1.4899999999999984,-19478039.0,0.22599998723691914,10822.352094401213,0.0024693170764075543,0.0016292692430956647,-0.06342718207124763,-0.06329651656485565,-0.06342002192847547,0.6598056031920212,22.884615384615387,1.4899999999999984,1
North Macedonia,8209.76923076923,7622,8813,27.457692307692305,29.65,34.28,11.923076923076923,67.57692307692308,55.65384615384615,100670773.38461539,93466625.0,108066884.0,25713.0,1191,4.630000000000003,14600259.0,0.31928476765717384,12262.314634533348,0.0014523035408095526,0.008231281681298013,0.15625819994749982,0.15615514333368793,0.15620826150510944,5.667741935008512,-55.65384615384616,4.630000000000003,1
Norway,180860.15384615384,172049,192050,43.62076923076923,44.66,49.86,13.576923076923077,51.07692307692308,37.5,3449077390.5384617,3281044622.0,3662469338.0,385207.0,20001,5.200000000000003,381424716.0,0.4695141932679141,19070.41057519144,7.506862505752384e-05,0.0002824111446923277,0.11625176548541337,0.11643528884647489,0.11625099928311795,3.7620396597795667,-37.5,5.200000000000003,1
Oman,3614.1153846153848,3681,3493,1.1684615384615384,1.19,1.13,59.42307692307692,51.15384615384615,-8.26923076923077,20304162.730769232,20680463.0,19626587.0,309500.0,-188,-0.06000000000000005,-1053876.0,0.011677271032682951,5618.017293303542,0.016441942384023883,0.014153905094337714,-0.05107307796792962,-0.05042016802485705,-0.05095998092499186,0.8608414239337335,8.269230769230766,0.06000000000000005,1
Pakistan,452421.3461538461,475980,428873,42.33153846153846,53.97,48.63,72.07692307692308,37.38461538461539,-34.69230769230769,7511521376.115385,7902665721.0,7120551553.0,881912.0,-47107,-5.339999999999996,-782114168.0,0.5130005557854361,16602.9331727444,0.00015931370986287002,8.263229775171272e-05,-0.0989684440522709,-0.09894385769688814,-0.09896839821044988,0.518676627527489,34.69230769230769,5.339999999999996,1
Palau,125.34615384615384,130,119,22.595384615384617,2.84,26.07,74.42307692307692,48.19230769230769,-26.23076923076923,2461534.1153846155,2548675.0,2340169.0,459.0,-11,23.23,-208506.0,0.2730853024964722,19637.89107072397,0.5937404111643334,0.38447376495550895,-0.08461538461473374,8.1795774619086,-0.08180956771655858,0.647545219629542,26.230769230769226,23.23,0
Panama,25696.346153846152,26589,24194,30.435,35.26,32.08,73.5,46.61538461538461,-26.884615384615383,139150394.92307693,143983932.0,131016188.0,75417.0,-2395,-3.1799999999999997,-12967744.0,0.34072352591386307,5415.182146518675,0.0028603288405264528,0.0018140861092192887,-0.09007484298017639,-0.09018718093901909,-0.09006382739985182,0.6342229199285767,26.884615384615387,3.1799999999999997,1
Papua New Guinea,161567.03846153847,164239,160661,33.70346153846154,35.49,34.71,61.57692307692308,54.26923076923077,-7.3076923076923075,2310895221.3846154,2349118027.0,2297929944.0,462840.0,-3578,-0.7800000000000011,-51188083.0,0.3490775180657206,14303.01157580924,0.00038112305370740135,0.0003358929598882843,-0.021785325044599506,-0.02197802197740274,-0.021790341060628198,0.8813241723779422,7.307692307692314,0.7800000000000011,1
Paraguay,208085.8076923077,217155,198267,43.98538461538461,53.39,48.74,89.38461538461539,48.46153846153846,-40.92307692307692,2995776476.730769,3126346020.0,2854421530.0,406752.0,-18888,-4.649999999999999,-271924490.0,0.5115790646199826,14396.832296994275,0.00042955651986024057,0.0002328920890808533,-0.08697934654969913,-0.08709496160166517,-0.08697837291855494,0.5421686746927296,40.92307692307693,4.649999999999999,1
Peru,800638.1153846154,860585,766592,62.29653846153846,66.96,59.65,87.5,45.69230769230769,-41.80769230769231,9348791615.615385,10048769916.0,8951248094.0,1285216.0,-93993,-7.309999999999995,-1097521822.0,0.6229599657836619,11676.675686523298,0.00010928782719514434,5.7069863168277575e-05,-0.10921989112057483,-0.1091696535228618,-0.10921951952074131,0.5221978021918342,41.80769230769231,7.309999999999995,1
Philippines,161748.42307692306,167956,157707,48.3023076923077,55.99,52.57,70.34615384615384,43.26923076923077,-27.076923076923077,1057234501.0769231,1097807871.0,1030821454.0,300000.0,-10249,-3.4200000000000017,-66986417.0,0.5391614102564084,6536.289386723265,0.00043491090984360773,0.00026750944427231206,-0.06102193431613005,-0.061082336130361126,-0.06101834279889218,0.6150902132225301,27.076923076923073,3.4200000000000017,1
Poland,102130.5,93958,110555,27.196153846153848,30.05,35.36,14.807692307692308,70.6923076923077,55.88461538461539,1337355157.0,1230340941.0,1447669832.0,312696.0,16597,5.309999999999999,217328891.0,0.32661274848414973,13094.571719515588,0.0001449879547019956,0.0006921762616682284,0.17664275527363102,0.17670549084270526,0.1766411925001527,4.774025973703572,-55.88461538461539,5.309999999999999,1
Portugal,48098.153846153844,45201,50954,50.35346153846154,49.08,55.33,17.307692307692307,61.73076923076923,44.42307692307692,310798612.3076923,292076196.0,329252175.0,92090.0,5753,6.25,37175979.0,0.5222950792285082,6461.757623833181,0.0003598410941728058,0.0012834332358830076,0.12727594522244803,0.12734311328183898,0.1272817830043226,3.566666666460593,-44.42307692307693,6.25,1
Qatar,313.34615384615387,325,303,2.3303846153846157,2.81,2.62,68.23076923076923,48.53846153846154,-19.692307692307693,4884942.038461538,5065307.0,4728448.0,11586.0,-22,-0.18999999999999995,-336859.0,0.027045240276724218,15589.60267578184,0.21774886461204596,0.15490364551319166,-0.06769230769209941,-0.06761565833892678,-0.06650317542451029,0.7113866967201262,19.692307692307686,0.18999999999999995,1
Romania,106329.53846153847,99192,112850,41.61269230769231,41.61,47.34,16.192307692307693,62.42307692307692,46.23076923076923,1828065359.6538463,1705359906.0,1940164761.0,238391.0,13658,5.730000000000004,234804855.0,0.4460300030686478,17192.45081003598,0.00015228419051367014,0.0005870718318377354,0.13769255585127693,0.13770728190007925,0.13768639345505992,3.855106888122962,-46.230769230769226,5.730000000000004,1
Russia,7618404.807692308,7111230,8110534,41.402692307692305,41.59,47.43,17.384615384615383,64.6923076923077,47.30769230769231,335971097.0,335971097.0,335971097.0,17098242.0,999304,5.839999999999996,0.0,0.44556655635663056,44.09992714757947,2.281923292795117e-06,8.491581810799529e-06,0.1405247756014079,0.14041836979705646,0.0,3.7212389378390442,-47.30769230769231,5.839999999999996,1
Rwanda,3329.153846153846,3412,3271,12.641153846153847,12.96,12.42,62.26923076923077,48.03846153846154,-14.23076923076923,35284646.807692304,36165041.0,34664009.0,26338.0,-141,-0.5400000000000009,-1501032.0,0.12640116357178677,10598.68316042104,0.018704221446885484,0.014429630998863477,-0.04132473622507581,-0.041666666663451715,-0.04150505456360467,0.7714638665719222,14.230769230769226,0.5400000000000009,1
Saint Kitts and Nevis,111.11538461538461,116,107,41.323461538461544,44.75,4.13,63.92307692307692,37.92307692307692,-26.0,1701188.7692307692,1780488.0,1643397.0,261.0,-9,-40.62,-137091.0,0.42572944296919113,15310.110072551726,0.5752855659345941,0.34129456559055943,-0.07758620689588287,-0.9077094971864199,-0.0769963066305417,0.5932611311579875,26.0,40.62,1
Saint Lucia,262.61538461538464,274,251,35.511923076923075,44.51,4.09,78.03846153846153,54.34615384615385,-23.692307692307693,2485972.923076923,2590140.0,2379635.0,616.0,-23,-40.42,-210505.0,0.4263236763229843,9466.21206791943,0.29715875805393577,0.20694200351415049,-0.0839416058391097,-0.9081105369375847,-0.08127166871288807,0.6964021685470151,23.692307692307686,40.42,1
Saint Vincent and the Grenadines,117.61538461538461,120,113,29.326153846153847,30.88,29.15,75.5,55.38461538461539,-20.115384615384617,1501363.423076923,1526991.0,1441584.0,389.0,-7,-1.7300000000000004,-85407.0,0.30235317381769217,12765.02583376982,0.641922825370605,0.4708960104603521,-0.05833333333284722,-0.056023316060361955,-0.055931567376624976,0.7335710646871764,20.115384615384613,1.7300000000000004,1
Samoa,557.1538461538462,578,535,18.93,20.37,18.85,80.96153846153847,49.84615384615385,-31.115384615384617,10185055.23076923,10573803.0,9784101.0,2842.0,-43,-1.5199999999999996,-789702.0,0.1960428733827059,18280.507800602285,0.1453127157252673,0.08946569101185102,-0.07439446366769135,-0.07461953853340107,-0.07468476573660393,0.6156769596123479,31.11538461538462,1.5199999999999996,1
San Marino,29.03846153846154,27,31,46.63153846153846,45.33,51.54,12.384615384615385,57.80769230769231,45.42307692307692,194369.0,182084.0,207056.0,61.0,4,6.210000000000001,24972.0,0.47604035308172954,6693.501986524462,0.42649006621047847,1.990728476752637,0.14814814814266117,0.13699536730339745,0.137145493288811,4.667701862977141,-45.42307692307692,6.210000000000001,1
Sao Tome and Principe,301.53846153846155,321,286,27.075384615384618,33.32,29.69,75.15384615384616,43.19230769230769,-31.96153846153846,5489315.923076923,5839603.0,5202449.0,964.0,-35,-3.629999999999999,-637154.0,0.3127992339607352,18204.364030551875,0.2492346938767245,0.14323979591789232,-0.10903426791243293,-0.10894357742770275,-0.10910912950760521,0.5747185260926597,31.961538461538467,3.629999999999999,1
Saudi Arabia,55805.5,57673,54684,2.415,2.68,2.54,62.69230769230769,41.11538461538461,-21.576923076923077,659726950.5384616,681800557.0,646464080.0,2149690.0,-2989,-0.14000000000000012,-35336477.0,0.025959789551051535,11821.898388840702,0.0011234073288888475,0.000736762229805017,-0.0518266779949014,-0.052238805950657205,-0.05182817267777621,0.6558282208484346,21.57692307692308,0.14000000000000012,1
Senegal,108676.19230769231,113999,105448,51.52346153846153,57.95,5.36,90.11538461538461,57.92307692307692,-32.19230769230769,1078818419.2692308,1131658699.0,1046775070.0,196722.0,-8551,-52.59,-84883629.0,0.5524353773736124,9926.906679015658,0.0008292099925643534,0.0005329877288953974,-0.07500942990727923,-0.9075064710801122,-0.07500815314282315,0.6427656850120734,32.19230769230769,52.59,1
Serbia,21899.115384615383,20779,23294,23.04346153846154,23.52,26.36,12.461538461538462,50.30769230769231,37.84615384615385,222109438.76923078,210745518.0,236254815.0,88361.0,2515,2.84,25509297.0,0.24783688940386747,10142.39319115408,0.0005690430066546159,0.0022972476935315973,0.12103566100389233,0.12074829931459403,0.12104312937274424,4.037037036713077,-37.84615384615385,2.84,1
Seychelles,100.26923076923077,101,99,18.92576923076923,22.15,21.78,55.03846153846154,51.96153846153846,-3.076923076923077,677809.0769230769,683743.0,672293.0,459.0,-2,-0.36999999999999744,-11450.0,0.2184514831568896,6759.891062456555,0.5489067894076441,0.5182201764428562,-0.019801980197823744,-0.01670428893829766,-0.016746058094927456,0.9440950384175077,3.07692307692308,0.36999999999999744,1
Sierra Leone,10857.384615384615,11024,10507,14.09,15.37,14.65,68.6923076923077,46.61538461538461,-22.076923076923077,122190027.96153846,124059536.0,118245953.0,71740.0,-517,-0.7199999999999989,-5813583.0,0.15134352683836721,11254.094083430304,0.00632678219715697,0.004293426664588045,-0.04689767779389995,-0.04684450227411544,-0.04686123443182957,0.6786114221625733,22.07692307692308,0.7199999999999989,1
Singapore,136.15384615384616,145,130,16.145384615384614,19.97,1.79,77.46153846153847,40.38461538461539,-37.07692307692308,1272157.3076923077,1353148.0,1212977.0,728.0,-15,-18.18,-140171.0,0.187024513947334,9343.528248518947,0.5689265536681379,0.29661016948934693,-0.10344827586135553,-0.9103655482768971,-0.10358881659655847,0.5213505461700322,37.07692307692308,18.18,1
Slovakia,13926.115384615385,13132,14817,25.486538461538462,26.78,30.22,18.46153846153846,52.69230769230769,34.23076923076923,200993991.76923078,189525411.0,213848470.0,49035.0,1685,3.4399999999999977,24323059.0,0.28400357672305704,14432.882840484051,0.0013256775455079291,0.003783704661137215,0.12831251903745597,0.1284540701968463,0.12833666404765112,2.854166666512066,-34.23076923076923,3.4399999999999977,1
Slovenia,9282.615384615385,8654,10002,45.79153846153846,42.69,49.34,14.923076923076923,68.38461538461539,53.46153846153846,78124791.1923077,72831920.0,84180479.0,20273.0,1348,6.650000000000006,11348559.0,0.45788069770704515,8416.247787426377,0.0016076371049271517,0.007366955599382669,0.1557661197134093,0.1557741859883868,0.1558184790405086,4.582474226497051,-53.46153846153847,6.650000000000006,1
Solomon Islands,22674.615384615383,22866,22557,75.74461538461539,79.14,78.07,57.26923076923077,50.92307692307692,-6.346153846153846,204097496.5,205821967.0,203040048.0,28896.0,-309,-1.0700000000000074,-2781919.0,0.7846973762671164,9001.14480611963,0.0025256980018318253,0.002245818773959259,-0.013513513513512923,-0.013520343694547472,-0.013516142327023821,0.8891873740610351,6.346153846153847,1.0700000000000074,1
Somalia,339901.1153846154,348180,334195,51.41461538461538,5.46,52.41,64.53846153846153,49.88461538461539,-14.653846153846153,4824465433.615385,4941972417.0,4743479296.0,637657.0,-13985,46.949999999999996,-198493121.0,0.5330469443362416,14193.732280508239,0.0001898742269952036,0.00014676214088961805,-0.04016600608880453,8.598901097326207,-0.0401647569535595,0.7729439809177018,14.653846153846146,46.949999999999996,0
South Africa,581202.5,583765,572777,44.28961538461538,47.81,46.91,48.84615384615385,49.61538461538461,0.7692307692307693,11436540402.538462,11486958570.0,11270753883.0,1221037.0,-10988,-0.9000000000000057,-216204687.0,0.47599089953867046,19677.37647814392,8.404326176531202e-05,8.536677769862401e-05,-0.01882264267299338,-0.018824513699669133,-0.018821752135909375,1.0157480314752683,-0.7692307692307665,0.9000000000000057,1
South Korea,34550.88461538462,36539,33689,33.28730769230769,36.46,33.62,77.73076923076923,39.65384615384615,-38.07692307692308,623036113.8076923,658886286.0,607497086.0,100210.0,-2850,-2.8400000000000034,-51389200.0,0.34478479807787915,18032.421477574917,0.002249747585222622,0.0011476940922140145,-0.07799885054325302,-0.07789358200554333,-0.07799403492213526,0.5101434933135756,38.07692307692307,2.8400000000000034,1
South Sudan,122093.30769230769,124905,115589,18.325769230769232,20.15,18.65,61.34615384615385,42.65384615384615,-18.692307692307693,2201686431.423077,2252392205.0,2084393154.0,619745.0,-9316,-1.5,-167999051.0,0.19700571637093883,18032.818284943336,0.0005024530419042646,0.00034935449747450117,-0.07458468436011309,-0.07444168734121878,-0.07458694388440223,0.6952978056312993,18.692307692307693,1.5,1
Spain,174989.73076923078,161674,191190,30.935384615384613,31.95,37.79,13.76923076923077,76.07692307692308,62.30769230769231,2687527143.5384617,2483016440.0,2936332997.0,505990.0,29516,5.84,453316557.0,0.34583634215939135,15358.199202458607,7.868593607580884e-05,0.00043475078647472033,0.18256491458119314,0.18278560249819137,0.18256687700384294,5.525139664403202,-62.30769230769231,5.84,1
Sri Lanka,28014.30769230769,29029,26580,41.223846153846154,44.25,40.51,72.3076923076923,43.5,-28.807692307692307,330755679.03846157,342737683.0,313819714.0,65610.0,-2449,-3.740000000000002,-28917969.0,0.4269822845954468,11806.66974430606,0.0025810986693611685,0.0015527779760890858,-0.08436391195011594,-0.08451977400938944,-0.08437347404253766,0.6015957446725311,28.807692307692307,3.740000000000002,1
Sudan,251177.61538461538,259348,239888,12.541923076923077,13.93,12.89,63.15384615384615,37.84615384615385,-25.307692307692307,4535740931.884615,4683281381.0,4331880569.0,1861484.0,-19460,-1.0399999999999991,-351400812.0,0.1349340716249053,18057.902671538825,0.0002514310284264052,0.00015067486721777266,-0.07503431682526923,-0.07465900932701652,-0.07503303419385127,0.5992691839125573,25.307692307692307,1.0399999999999991,1
Suriname,107670.53846153847,114595,103562,61.024230769230776,69.95,63.22,83.0,36.96153846153846,-46.03846153846154,1753503766.7692308,1866275608.0,1686590021.0,163820.0,-11033,-6.730000000000004,-179685587.0,0.6572490444484057,16285.827040751657,0.0007708701116011235,0.00034328367805777556,-0.09627819712901875,-0.09621157969841018,-0.09628030620437708,0.44531974049509804,46.03846153846154,6.730000000000004,1
Sweden,147939.76923076922,138692,158062,28.33653846153846,3.08,3.51,13.346153846153847,57.46153846153846,44.11538461538461,1743631435.1538463,1634631308.0,1862931859.0,450295.0,19370,0.4299999999999997,228300551.0,0.3285396667312959,11786.090002844116,9.021342885384169e-05,0.00038841170809118006,0.13966198482969358,0.13961038956506147,0.13966485890896688,4.3054755040001655,-44.11538461538461,0.4299999999999997,1
Switzerland,10912.576923076924,10249,11562,24.67961538461538,24.83,28.01,15.461538461538462,55.34615384615385,39.88461538461539,75639259.03846154,71039387.0,80143099.0,41284.0,1313,3.1800000000000033,9103712.0,0.2643294478024576,6931.383812607963,0.0014168549344967631,0.005071776743136423,0.12811005951798926,0.1280708819924258,0.12815020489971288,3.5796019898182347,-39.88461538461539,3.1800000000000033,1
Syria,86217.5,91027,82271,43.35423076923077,49.16,44.43,71.84615384615384,42.23076923076923,-29.615384615384617,1574085886.8846154,1661883975.0,1502028150.0,185180.0,-8756,-4.729999999999997,-159855825.0,0.46558753645101814,18257.150658330353,0.0008333128871302578,0.0004898166756258154,-0.09619123996176852,-0.0962164361249752,-0.09618952189487236,0.5877944325399986,29.615384615384606,4.729999999999997,1
Taiwan,12563.115384615385,13087,12092,31.081923076923076,36.16,33.41,71.5,44.15384615384615,-27.346153846153847,135431803.57692307,141076286.0,130352798.0,36193.0,-995,-2.75,-10723488.0,0.347114507905259,10780.113007857923,0.005691263497233513,0.0035145618584314538,-0.07602964774202826,-0.07605088495364905,-0.07601198120568613,0.6175363098353652,27.346153846153847,2.75,1
Tajikistan,72667.73076923077,74243,71617,49.043461538461536,51.88,50.05,60.26923076923077,45.07692307692308,-15.192307692307692,1228338952.5,1254964113.0,1210577088.0,143100.0,-2626,-1.8300000000000054,-44387025.0,0.5078108369617769,16903.49952444216,0.0008293809388465086,0.0006203155458379759,-0.03537033794431751,-0.03527370855753145,-0.035369158799204645,0.7479259731847825,15.192307692307686,1.8300000000000054,1
Tanzania,343942.46153846156,363893,335816,31.276153846153843,3.85,35.53,78.84615384615384,43.61538461538461,-35.23076923076923,4465828580.076923,4724871973.0,4360309062.0,945087.0,-28077,31.68,-364562911.0,0.3639267723907547,12984.231606941374,0.00022924227934368203,0.00012681011940279778,-0.0771572962381797,8.228571426434137,-0.0771582622943591,0.5531707317003013,35.230769230769226,31.68,0
Thailand,279388.96153846156,291767,267967,46.927307692307686,56.86,52.22,75.11538461538461,39.96153846153846,-35.15384615384615,2193909880.576923,2291109198.0,2104215093.0,513120.0,-23800,-4.640000000000001,-186894105.0,0.5444904925523484,7852.528849014297,0.00026885594979042765,0.00014303191594073442,-0.08157193925289673,-0.08160393949909245,-0.08157363479800407,0.5320020481239979,35.15384615384615,4.640000000000001,1
Timor-Leste,6925.653846153846,7196,6478,45.011153846153846,48.38,43.56,74.8076923076923,41.88461538461539,-32.92307692307692,73362817.96153846,76227602.0,68623017.0,14874.0,-718,-4.82,-7604585.0,0.46562147681547533,10592.908567365062,0.010801534984198766,0.006047748893466559,-0.09977765425234855,-0.09962794542993741,-0.09976156668289264,0.5598971722290194,32.92307692307692,4.82,1
Togo,21539.115384615383,22375,20577,36.568461538461534,3.94,36.24,61.61538461538461,46.26923076923077,-15.346153846153847,412949556.5769231,428974033.0,394498682.0,56785.0,-1798,32.300000000000004,-34475351.0,0.37930994777872684,19172.075974478455,0.002860627445238137,0.002148149074045867,-0.08035754189943775,8.197969541066506,-0.0803669880875983,0.7509363295758276,15.346153846153847,32.300000000000004,0
Tonga,122.26923076923077,126,119,13.583461538461538,16.88,15.93,60.15384615384615,45.46153846153846,-14.692307692307692,2056808.8461538462,2112446.0,1994276.0,747.0,-7,-0.9499999999999993,-118170.0,0.16368036247532408,16821.96602691495,0.4919786096216447,0.3718150361718568,-0.055555555555114634,-0.05627962084974643,-0.05593989148124967,0.7557544756907612,14.692307692307693,0.9499999999999993,1
Trinidad and Tobago,3252.730769230769,3431,3131,50.14961538461539,6.69,61.04,58.88461538461539,46.96153846153846,-11.923076923076923,27305121.615384616,28803478.0,26282291.0,5130.0,-300,54.35,-2521187.0,0.6340605787972973,8394.522495888446,0.018103132279380988,0.01443757316337308,-0.0874380647041424,8.12406576859132,-0.08753064473672242,0.7975179621027201,11.923076923076927,54.35,0
Tunisia,28316.0,29207,26846,14.23653846153846,17.85,16.41,73.38461538461539,48.76923076923077,-24.615384615384617,188621012.57692307,194554378.0,178827524.0,163610.0,-2361,-1.4400000000000013,-15726854.0,0.17307010573925694,6661.287349092965,0.002591630717072072,0.0017223206232952763,-0.08083678570205495,-0.08067226890304363,-0.08083526138897784,0.6645702305989104,24.61538461538462,1.4400000000000013,1
Turkey,271010.5,255359,288868,32.146153846153844,32.59,36.87,12.653846153846153,57.80769230769231,45.15384615384615,2031248019.6538463,1913940501.0,2165093007.0,783562.0,33509,4.279999999999994,251152506.0,0.3458698864927085,7495.0897461679115,4.6691350164831644e-05,0.00021330425318462603,0.13122310159422565,0.13132862840959392,0.13122273438948456,4.568389057389732,-45.15384615384615,4.279999999999994,1
Turkmenistan,130325.46153846153,133049,128749,25.758846153846154,27.26,26.38,54.5,43.03846153846154,-11.461538461538462,1521252387.3076923,1553043051.0,1502851807.0,488100.0,-4300,-0.8800000000000026,-50191244.0,0.2670056577309184,11672.718203715933,0.0004181838249919843,0.00033023832051237153,-0.03231892009710684,-0.03228173147350406,-0.032317999148627596,0.7896965419756302,11.46153846153846,0.8800000000000026,1
Tuvalu,4.0,4,4,15.890384615384615,18.25,17.11,57.65384615384615,42.69230769230769,-14.961538461538462,85686.5,88137.0,82637.0,26.0,0,-1.1400000000000006,-5500.0,0.1538461538402367,21421.624994644593,14.413461534858172,10.673076920408654,0.0,-0.06246575342123478,-0.06240285010835333,0.740493662428784,14.96153846153846,1.1400000000000006,1
UAE,1595.8846153846155,1642,1549,1.8438461538461537,1.96,1.85,70.11538461538461,44.46153846153846,-25.653846153846153,13247008.538461538,13628015.0,12858503.0,83600.0,-93,-0.10999999999999988,-769512.0,0.019089528892160243,8300.730773860269,0.04393512158674614,0.027860120984244945,-0.05663824604137842,-0.056122448950957866,-0.05646545003069045,0.6341195830957284,25.653846153846153,0.10999999999999988,1
USA,3008732.730769231,3127914,3001826,26.408076923076923,31.81,30.53,66.0,50.65384615384615,-15.346153846153847,42340240393.84615,44017411500.0,42243052304.0,9833517.0,-126088,-1.2799999999999976,-1774359196.0,0.30596710523500703,14072.449826083814,2.193614584806475e-05,1.6835608439336407e-05,-0.04031057119856875,-0.040238918577798134,-0.040310393899468625,0.7674825174708889,15.346153846153847,1.2799999999999976,1
Uganda,82840.92307692308,85243,81392,31.973846153846157,35.37,33.77,57.42307692307692,34.84615384615385,-22.576923076923077,621782805.1538461,639813760.0,610905189.0,241038.0,-3851,-1.5999999999999943,-28908571.0,0.34368407917806626,7505.7445289023835,0.0006931728279965596,0.0004206393718451996,-0.045176730054080155,-0.04523607576914782,-0.04518279037950043,0.6068318821059762,22.576923076923073,1.5999999999999943,1
Ukraine,173394.34615384616,159295,185618,25.757307692307695,2.64,30.76,16.0,62.30769230769231,46.30769230769231,2649661814.923077,2434204744.0,2836456623.0,603500.0,26323,28.12,402251879.0,0.2873145752342102,15281.131557612141,9.227521170617479e-05,0.00035934096866346914,0.16524686901660338,10.651515147480486,0.1652498131028209,3.89423076898738,-46.30769230769231,28.12,2
United Kingdom,102314.88461538461,95137,109598,40.62730769230769,39.23,4.52,13.076923076923077,66.57692307692308,53.5,516297563.96153843,480079268.0,553047456.0,242495.0,14461,-34.709999999999994,72968188.0,0.42192574946033606,5046.162793442667,0.0001278105636934534,0.0006507061345687289,0.1520018499637349,-0.8847820545275354,0.15199195812804814,5.09117647019891,-53.5,34.709999999999994,1
Uruguay,68125.96153846153,73942,64625,35.95076923076923,41.96,36.67,91.92307692307692,48.07692307692308,-43.84615384615385,488226684.11538464,529905210.0,463137461.0,176215.0,-9317,-5.289999999999999,-66767749.0,0.38660705126386036,7166.529074818882,0.001349310524904357,0.0007057063414771742,-0.12600416542695456,-0.12607244994933095,-0.1259994197830212,0.5230125522955655,43.84615384615384,5.289999999999999,1
Uzbekistan,101763.80769230769,106995,97476,22.745,23.91,21.79,65.1923076923077,40.07692307692308,-25.115384615384617,1112262580.7692308,1169434106.0,1065402251.0,447400.0,-9519,-2.120000000000001,-104031855.0,0.22745598500739264,10929.84437190331,0.000640623706705453,0.00039382295126081545,-0.08896677414832385,-0.0886658301928622,-0.08895914226055589,0.6147492625274433,25.115384615384613,2.120000000000001,1
Vanuatu,6250.423076923077,6635,5934,44.207307692307694,54.44,48.69,67.8076923076923,32.65384615384615,-35.15384615384615,41224273.692307696,43760451.0,39140315.0,12189.0,-701,-5.75,-4620136.0,0.5127921139488526,6595.437330395041,0.010848496409472084,0.005224261742281224,-0.10565184626976554,-0.10562086700761168,-0.10557788812551315,0.48156551332244996,35.15384615384615,5.75,1
Vatican City,0.0,0,0,30.525769230769228,32.04,36.47,22.46153846153846,72.61538461538461,50.15384615384615,2474.0,2319.0,2640.0,0.0,0,4.43,321.0,0.0,2474000000000.0,22461538461.53846,72615384615.38461,0.0,0.1382646691592302,0.13842173350576178,3.232876712184838,-50.15384615384615,4.43,1
Venezuela,464639.92307692306,505862,438648,45.261923076923075,5.52,47.86,99.42307692307692,46.65384615384615,-52.76923076923077,6704092833.384615,7298863710.0,6329059754.0,916445.0,-67214,42.34,-969803956.0,0.5070025185111191,14428.576840726428,0.0002139787650288002,0.00010040860424755692,-0.13287022943016052,7.670289853682919,-0.132870539104778,0.46924564796433255,52.76923076923077,42.34,0
Vietnam,59725.38461538462,61673,59183,18.032692307692308,18.62,17.87,64.07692307692308,45.76923076923077,-18.307692307692307,710414934.4615384,733576747.0,703964628.0,331210.0,-2490,-0.75,-29612119.0,0.18032482296846242,11894.68998879467,0.0010728591115747538,0.0007663279368391098,-0.04037423183564866,-0.04027926960041465,-0.04036676342468636,0.7142857142745669,18.307692307692314,0.75,1
Yemen,163622.26923076922,174382,156205,27.69192307692308,33.03,29.59,78.88461538461539,33.69230769230769,-45.19230769230769,2428592727.8461537,2588296867.0,2318503635.0,527968.0,-18177,-3.4400000000000013,-269793232.0,0.3099094438124449,14842.678440187783,0.00048211417526154585,0.00020591517188157688,-0.10423667580369475,-0.10414774447156687,-0.10423581446154105,0.42710872744461004,45.19230769230769,3.4400000000000013,1
Zambia,221328.73076923078,228483,212918,28.35230769230769,30.36,28.29,67.92307692307692,40.57692307692308,-27.346153846153847,2715024820.769231,2802787477.0,2611845734.0,752618.0,-15565,-2.0700000000000003,-190941743.0,0.29407844453524956,12266.933494504377,0.0003068877532844882,0.00018333328409690552,-0.06812323017467353,-0.06818181817957242,-0.06812565867618939,0.5973952434793136,27.34615384615384,2.0700000000000003,1
Zimbabwe,181788.88461538462,183161,180546,38.442692307692305,46.87,4.62,56.46153846153846,52.07692307692308,-4.384615384615385,1474304458.3461537,1485430188.0,1464228208.0,390757.0,-2615,-42.25,-21201980.0,0.46522233668337143,8109.981319624515,0.00031058850809825514,0.00028646923703340427,-0.01427705679702549,-0.9014294857925875,-0.014273292795097012,0.9223433242343455,4.38461538461538,42.25,1
